Id,Year,Paper,Subject,Topics,Tags,Difficulty,Question,Option_A,Option_B,Option_C,Option_D,Correct_Answer,Explanation
CAPF-2013-GAI-001,2013,GAI,General Studies & Mental Ability,General Studies & Mental Ability,General Ability | UPSC CAPF | Prelims,hard,The Chipko Movement 1. was an environmental movement to prevent cutting down of trees. 2. raised the question of ecological and economic exploitation. 3. is a movement against alcoholism as its broadened agenda. 4. demanded that local communities should have control over their natural resources. Select the correct answer using the code given below.,1 and 2,2 and 3,"1, 3 and 4",All of these,A,"Solution: The Chipko Movement was an environmental movement to prevent cutting down of trees. It was started in 1973 from Chamoli district, Uttarakhand. The leader of movement was Sundarlal Bahuguna and Chandi Prasad Bhatt. © examsnet.com"
CAPF-2013-GAI-002,2013,GAI,Polity,Indian Constitution & Governance,Polity | Constitution of India | Governance | Constitutional Bodies,hard,"The Parliament of India may form a new State by separation of territory from any State or by unifying any territory to a part of any State. Which of the following procedures is/are true in this regard? 1. By a simple majority and by the ordinary legislative process. 2. On the recommendation of the President, who usually has to refer the bill to the legislature of the State (s) which is/are going to be affected by the changes proposed in the bill. 3. On the advice of the Prime Minister to the President. Select the correct answer using the code given below.",1 and 2,1 and 3,Only 2,All of these,A,"Solution: According to Article 3 of Constitution. The Parliament of India may form a new state by separation of territory from any state or by unifying any territory to a part of any state. According to process President refers the State Reorganization Bill to the State Legislature concerned for its opinion, but Parliament is not bound to accept the opinion. © examsnet.com"
CAPF-2013-GAI-003,2013,GAI,Polity,Indian Constitution & Governance,Polity | Constitution of India | Governance | Constitutional Bodies,hard,"A bill introduced in the Parliament, in order to become an Act, has to have which of the following procedures to be followed? 1. It is to be passed by both the Houses of the Parliament. 2. The President has to give his/her assent. 3. The Prime Minister has to sign it after the ratification by the Parliament. 4. The Supreme Court has to approve and declare it to be within the jurisdiction of the Parliament. Select the correct answer using the code given below.",1 and 2,"l, 2 and 3",3 and 4,All of the above,A,Solution: A bill become an act if it has been passed by the Parliament and President give his assent to the bill. © examsnet.com
CAPF-2013-GAI-004,2013,GAI,Modern History,Indian National Movement,Modern History | Freedom Struggle | British Colonial Rule,hard,"Which of the following statements is/are correct? 1. Offices connected with a religious or denominated institution may be reserved for members professing the particular religion to which the institution relates. 2. The State may reserve any post or appointment in favour of any backward class of citizens who, in the opinion of the State, are not adequately represented in the services under that State. 3. No citizen shall, on grounds of religion, race, caste, sex, descent, place of birth or any of them, be ineligible for any office under the State. Select the correct answer using the code given below.",1 and 2,2 and 3,Only 3,All of these,D,"Solution: According to the Right to Freedom of Religion, officer connected with a religious or denominated institution may be reserved for members professing the particular religion to which the institution relates. According to Article 16 the state may reserve any post or appointment in favour of any backward class of citizens and in Article 15, no citizen shall, on grounds of religion, race, caste, sex, descent, place of birth or any of them, be ineligible for any office under the State. © examsnet.com"
CAPF-2013-GAI-005,2013,GAI,Modern History,Indian National Movement,Modern History | Freedom Struggle | British Colonial Rule,hard,"Consider the following statements 1. While the Fundamental Rights constitute limitations on State action, the Directive Principles are in the nature of instruments of instruction to the government of the day to do certain things and to achieve certain goals by their actions. 2. The Directive Principles, however, require to be implemented by legislations and so long as there is no law carrying out the policy laid down in a Directive Principle, neither the State nor an individual can violate any existing law or legal rights under the colour of getting a Directive. 3. The Directive Principles are enforceable in the courts and create justiciable rights in favour of the individual. Which of the statements given above is/are correct?",Only 2,1 and 3,1 and 2,All of these,C,"Solution: The Directive Principles are constitutional instrument of instructions to the State in legislative, executive and administrative matters. These are fundamental in the governance of the country. They are non-justiciable. © examsnet.com"
CAPF-2013-GAI-006,2013,GAI,Polity,Indian Constitution & Governance,Polity | Constitution of India | Governance | Constitutional Bodies,hard,"Consider the following statements 1. It shall be the endeavour of every State and every local authority within the State to provide adequate facilities for instruction in mother tongue at the primary state of education to children belonging to linguistic minority groups. 2. The Constitution enjoins the Union of India to provide and promote the spread of Hindi language and to develop it, so that it, may serve as a medium of expression of all the elements of the composite culture of India. Which of the statements given above is/are correct?",Only 1,Only 2,Both 1 and 2,Neither 1 nor 2,C,"**Correct Answer: Option (C) - Both 1 and 2**

**Context & Concept (Polity - Indian Constitution & Governance):**
Option (C) accurately represents the correct factual and conceptual solution for this question based on official UPSC answer keys and standard reference sources."
CAPF-2013-GAI-007,2013,GAI,Polity,Indian Constitution & Governance,Polity | Constitution of India | Governance | Constitutional Bodies,hard,Which of the following expenditures is/are charged on the Consolidated Fund of India? 1. The emoluments and allowances of the President and the expenditure relating to his/her office. 2. The salaries and allowances of the Chairman and Deputy Chairman of the Council of States and the Speaker and Deputy Speaker of the House of the People. 3. Debt charges for which the Government of India is liable. Select the correct answer using the code given below.,1 and 2,Only 3,2 and 3,All of these,D,Solution: Consolidated Fund of India (Article 266) is a fund to which all receipts are credited and all payments are debited. © examsnet.com
CAPF-2013-GAI-008,2013,GAI,Polity,Indian Constitution & Governance,Polity | Constitution of India | Governance | Constitutional Bodies,hard,"Which of the following are the privileges of the House of the People collectively? 1. The right to publish debates and proceedings and the right to restrain publication by others. 2. The right to exclude others to exclude strangers from the galleries anytime. 3. The right to punish members and outsiders for breach of its privileges. 4. What is said or done within the walls of the Parliament, however can be inquired into in a court of law. Select the correct answer using the code given below.","1, 2 and 3",3 and 4,1 and 2,All of these,A,"Solution: The Parliament have the rights, to publish debates and proceedings to restrain publication by others, to exclude strangers and to punish members and outsiders for breach of its privileges. © examsnet.com"
CAPF-2013-GAI-009,2013,GAI,Polity,Indian Constitution & Governance,Polity | Constitution of India | Governance | Constitutional Bodies,hard,"A bill is deemed to be a 'Money Bill' if it contains only provisions dealing with 1. the imposition, alteration or regulation of any tax. 2. the regulation of the borrowing of money by the government. 3. the custody of the Consolidated Fund of India or the Contingency Fund of India. 4. the provision for imposition of fines or other penalties or for the demand or payment of fees for licenses or fees for services rendered. Select the correct answer using the code given below.","1, 2 and 3",1 and 2,3 and 4,All of the above,A,"Solution: A bill is deemed to be a Money Bill if it contains the imposition, alteration or regulation if any case, the regulation of the borrowing of money by the government, the custody of Consolidated and Contingency Fund and the provision for imposition of fines or other penalties. © examsnet.com"
CAPF-2013-GAI-010,2013,GAI,Polity,Indian Constitution & Governance,Polity | Constitution of India | Governance | Constitutional Bodies,hard,"Which of the following statements regarding the powers of the Speaker of the House of the People is/are correct? 1. The Speaker's conduct in regulating the procedure of maintaining order in the House will not be subject to the jurisdiction of any court. 2. Besides presiding over his/her own House, the Speaker possesses certain powers like presiding over a joint sitting of the two Houses of the Parliament. 3. While a resolution for his/her removal is under consideration, the Speaker shall preside but shall have no right to speak and shall have no right to vote. Select the correct answer using the code given below.",Only 1 ‘,1 and 2,2 and 3,All of these,B,"Solution: According to the Article 96, under resolution of removal, the Speaker of Lok Sabha cannot preside at the sitting of the House, but he have right to speak and vote. He cannot exercise a casting vote in the case of a tie. © examsnet.com"
CAPF-2013-GAI-011,2013,GAI,Polity,Indian Constitution & Governance,Polity | Constitution of India | Governance | Constitutional Bodies,hard,"A person shall be disqualified for being chosen as and for being, a member of either House of the Parliament if she/he 1. holds any office of profit under the Government of India or the Government of any State, other than an office exempted by the Parliament by law. 2. is of unsound mind and stands, so declared by a competent court. 3. remains absent from all meetings of the House for a period of 60 days without the permission of the House. Select the correct answer using the code given below.",1 and 2,2 and 3,1 and 3,All of these,D,"Solution: A person shall be disqualified for being chosen as and for being a member of either House of the Parliament if she/he holds any office of profit under the Union and State Government and if he is unsound minded and stands, so declared by a competent court (Article 102), he also disqualified if he remains absent for a period of 60 days without the permission. © examsnet.com"
CAPF-2013-GAI-012,2013,GAI,Polity,Indian Constitution & Governance,Polity | Constitution of India | Governance | Constitutional Bodies,hard,Consider the following statements regarding termination of sitting of a House 1. Only the House of the People is subject to dissolution. 2. The powers of dissolution and prorogation are exercised by the President on the advice of the Council of Ministers. 3. The power to adjourn the daily sittings of the House of the People and the Council of States belongs to the 4 Speaker and the Chairman respectively. 4. The Parliament cannot be dissolved as it is a permanent chamber. Which of the statements given above are correct?,"1, 2 and 3","2, 3 and 4",1 and 3,"1, 2 and 4",A,Solution: Lok Sabha is not a permanent body and subject to dissolution. The President is authorized to dissolve Lok Sabha at any time even before the completion of five years. The power to adjourn the daily sillings of the Houses of people and the council of states belongs to the Speaker and the Chairmen respectively. © examsnet.com
CAPF-2013-GAI-013,2013,GAI,Polity,Indian Constitution & Governance,Polity | Constitution of India | Governance | Constitutional Bodies,hard,Consider the following statements 1. A person who is not a member of either House of the Parliament can be appointed a member of the Council of Ministers. 2. Anyone can be appointed as a member of the Council of Ministers for a maximum period of 3 years. 3. A person shall not be less than 25 years pf age in order to become a minister. Which of the statements given above is/are correct?,2 and 3,Only 1,1 and 3,All of these,C,Solution: A member of the Council of Ministers can survive for a maximum period of 5 years after appointment. © examsnet.com
CAPF-2013-GAI-014,2013,GAI,Polity,Indian Constitution & Governance,Polity | Constitution of India | Governance | Constitutional Bodies,hard,The Central Administrative Tribunal adjudicates disputes with respect to the recruitment and conditions of service of persons appointed 1. to public services and posts in connection with the affairs of the Union. 2. members of the defence forces. 3. officers and servants of the Supreme Court or of any High Court in India. Select the correct answer using the code - given below. v,1 and 2,Only 1,Only 2,2 and 3,A,Solution: The Central Administrative Tribunal Organised under the Article 323(a) by Administrative Tribunal Act 1985. It * adjudicates disputes with respect to the recruitment and conditions of service of persons appointed to public services and posts in connection with the affairs of the Union and members of the defence forces © examsnet.com
CAPF-2013-GAI-015,2013,GAI,Modern History,Indian National Movement,Modern History | Freedom Struggle | British Colonial Rule,hard,The following are some of the items of expenditure of the Central Government in India. 1. Interest payments 2. Major subsidies 3. Pensions 4. Loans and advances Which of the above is/are included in non-plan revenue expenditure?,Only 1,2 and 3,"1,2 and 3","2, 3 and 4",C,"Solution: Salaries and allowances, office expenditures, Interest payments, Major subsidies, General securities and Pensions are included in non-plan revenue expenditure of the Central Government of India. © examsnet.com"
CAPF-2013-GAI-016,2013,GAI,Economy,Indian Economy & Financial System,Economy | Macroeconomics | Banking & Finance | Public Finance,easy,"If we deduct grants for creation of capital assets from revenue deficit, we arrive at the concept of",primary deficit,net fiscal deficit,budgetary deficit,effective revenue deficit,D,"Solution: If we deduct grants for creation of capital assets from revenue deficit, we arrive at the concept of effective revenue deficit. © examsnet.com"
CAPF-2013-GAI-017,2013,GAI,Polity,Indian Constitution & Governance,Polity | Constitution of India | Governance | Constitutional Bodies,easy,Which one among the following items has maximum weight in wholesale price index in India?,Primary article,Fuel and power,Manufactured product,Food item,C,Solution: Manufactured product has maximum weight (about 60%) in wholesale price index in India. There are 676 items included in wholesale price index at present. © examsnet.com
CAPF-2013-GAI-018,2013,GAI,General Studies & Mental Ability,General Studies & Mental Ability,General Ability | UPSC CAPF | Prelims,easy,Which among the following agencies disbursed maximum credit to the agricultural sector in India between 2006-07 and 2011-12?,Cooperative banks,Regional rural banks,Commercial banks,Moneylenders,C,Solution: Commercial banks disbursed maximum credit (about 74%) to the agricultural sector in India between 2006-07 and 2011-12. © examsnet.com
CAPF-2013-GAI-019,2013,GAI,Economy,Indian Economy & Financial System,Economy | Macroeconomics | Banking & Finance | Public Finance,hard,Consider the following statements 1. Repo Rate is the interest rate at which RBI lends to commercial banks for short period. 2. Reverse Repo Rate is the interest rate which RBI pays to commercial banks on short-term deposits. 3. Gap between Repo Rate and Reverse Repo Rate has been declining in India in the recent past. Which of the statements above is/are not correct?,Only 1,Only 2,Only 3,2 and 3,C,"Solution: Repo Rate is the rate at which RBI lends short term money to the banks against securities and Reverse Repo is the rate, at which banks park short-term excess liquidity with the RBI. Reverse Repo Rate withdraws liquidity from the market. © examsnet.com"
CAPF-2013-GAI-020,2013,GAI,Economy,Indian Economy & Financial System,Economy | Macroeconomics | Banking & Finance | Public Finance,easy,The rate of inflation in India is measured generally in respect of movement of,consumer price index,wholesale price index,"cost of living index for agricultural , labour",money supply,B,Solution: Inflation means a persistent rise in the price level of goods and services leading to a fall in the currency's purchasing power. The rate of inflation in India is measured generally in respect of movement of wholesale price index. © examsnet.com
CAPF-2013-GAI-021,2013,GAI,Modern History,Indian National Movement,Modern History | Freedom Struggle | British Colonial Rule,easy,Privatization includes,sale of public enterprises to private sector,disinvestment of public enterprise equity,participation of private sector in management in public sector enterprises.,All of the above,D,"Solution: Privatization is the process of transferring ownership of a business, enterprise, agency, public service from the public sector to the private sector. It may also mean government outsourcing of services or functions to private firms, e.g., revenue collection, law enforcement and prison management. © examsnet.com"
CAPF-2013-GAI-022,2013,GAI,General Studies & Mental Ability,General Studies & Mental Ability,General Ability | UPSC CAPF | Prelims,easy,Which of the following statements is correct with respect to the convertibility of Indian rupee?,It is convertible on capital account,It is convertible on current account,It is convertible both on current and capital account,None of the above,C,Solution: Convertibility of a currency implies that a currency can be transferred into another currency without any limitations or any control. Indian rupee is fully convertible on both current and capital account. © examsnet.com
CAPF-2013-GAI-023,2013,GAI,Modern History,Indian National Movement,Modern History | Freedom Struggle | British Colonial Rule,easy,The Government of India refers to the absolute poverty line in terms of,household savings,household consumption,household investment,household income,B,Solution: The Government of India refers to the absolute poverty line in terms of household consumption. © examsnet.com
CAPF-2013-GAI-024,2013,GAI,General Studies & Mental Ability,General Studies & Mental Ability,General Ability | UPSC CAPF | Prelims,easy,"In the .current pricing policy, the price of diesel in India consists of",Fuel component + Customs duty + Excise duty + Sales VAT + Dealer's commission,Fuel component + Excise duty + Sales VAT + Dealer's commission,Fuel component + Customs duty + Sales VAT + Dealer's commission,Fuel component + Customs duty + Excise duty + Dealer's commission,C,"Solution: In the current pricing policy, the price of diesel in India consists of Fuel component + Customs duty + Sales VAT 4* Dealer's commission. © examsnet.com"
CAPF-2013-GAI-025,2013,GAI,General Studies & Mental Ability,General Studies & Mental Ability,General Ability | UPSC CAPF | Prelims,easy,Which one among the following is not a Mars rover?,Sojourner,Opportunity,Curiosity,Apollo,D,Solution: Apollo was the third human spaceflight program carried out by the NASA. The program was responsible for the landing of the first humans on Moon in 1969. © examsnet.com
CAPF-2013-GAI-026,2013,GAI,Quantitative Aptitude,Basic Numeracy & Quantitative Aptitude,Aptitude | Mathematics | Quantitative Reasoning | Problem Solving,easy,A circle is drawn inside a square of length 4 units as shown in the figure given above. What is the area of the shaded portion?,16 - 4π,16 - π,4 - π,4-2π,C,Solution: Area of between square and circle = ( 4 ) 2 − π ( 2 ) 2 = (4)^2 - \pi (2)^2 = ( 4 ) 2 − π ( 2 ) 2 = 16 − 4 π = 16 - 4\pi = 16 − 4 π ∴ Area of shaded part = 1 4 × ( 16 − 4 π ) = 4 − π = \; \; \frac{1}{4} \times (16-4\pi) = 4-\pi = 4 1 ​ × ( 16 − 4 π ) = 4 − π © examsnet.com
CAPF-2013-GAI-027,2013,GAI,Quantitative Aptitude,Basic Numeracy & Quantitative Aptitude,Aptitude | Mathematics | Quantitative Reasoning | Problem Solving,easy,"If the ratio of X to Y is 3 4 \frac{3}{4} 4 3 ​ and the ratio of Y to Z is 12 13 \frac{12}{13} 13 12 ​ , then the ratio of X to Z is",13/3,1/3,4/13,9/13,D,Solution: X : Y = X Y = 3 4 X:Y=\;\;\frac{X}{Y}=\;\;\frac{3}{4} X : Y = Y X ​ = 4 3 ​ Y : Z = Y Z = 12 13 Y:Z=\;\;\frac{Y}{Z}=\;\;\frac{12}{13} Y : Z = Z Y ​ = 13 12 ​ ∴ x : z = x z = X Y × Y z = 3 4 × 12 13 = 9 13 \therefore \;\; x:z=\;\;\frac{x}{z}=\;\;\frac{X}{Y}\times\;\;\frac{Y}{z}=\;\;\frac{3}{4}\times\;\;\frac{12}{13}=\;\;\frac{9}{13} ∴ x : z = z x ​ = Y X ​ × z Y ​ = 4 3 ​ × 13 12 ​ = 13 9 ​ © examsnet.com
CAPF-2013-GAI-028,2013,GAI,Science & Tech,General Science & Emerging Technologies,Science & Tech | General Science | Applied Science | Physics | Chemistry | Biology,easy,The sum of the base and altitude of a triangle is 30 cm. What is the maximum possible area of such a triangle?,"100 cm 2 100 \, \text{cm}^2 100 cm 2","110 cm 2 110 \, \text{cm}^2 110 cm 2","112.5 cm 2 112.5 \, \text{cm}^2 112.5 cm 2","120 cm 2 120 \, \text{cm}^2 120 cm 2",C,"Solution: b + h = 30 cm Maximum value of b × h = b = h = 30 2 b \times h = b = h = \frac{30}{2} b × h = b = h = 2 30 ​ = 15 cm =15\,\text{cm} = 15 cm ∴ Maximum area of triangle = 1 2 × \frac{1}{2} \times 2 1 ​ × Base × Hypotenuse 1 2 b h = 1 2 × 15 × 15 = 112.5 cm 2 \frac{1}{2} bh = \frac{1}{2} \times 15 \times 15 = 112.5 \, \text{cm}^2 2 1 ​ bh = 2 1 ​ × 15 × 15 = 112.5 cm 2 © examsnet.com"
CAPF-2013-GAI-029,2013,GAI,General Studies & Mental Ability,General Studies & Mental Ability,General Ability | UPSC CAPF | Prelims,medium,"If 9 mangoes cost as much as 5 oranges, 5 oranges as much as 3 apples, 4 apples as much as 9 pineapples and if 3 pineapples cost ₹48. What will a mango cost?",₹9,₹12,₹18,₹27,B,"Solution: Let cost of 9 mangoes = Cost of 5 oranges = Cost of 3 apples = ? x Now, cost of 3 apples = ? x ∴ Cost of 4 apples = ₹ 4 x 3 \;\;\frac{4x}{3} 3 4 x ​ ⇒ Cost of 9 Pineapples = ₹ 4 x 3 \;\;\frac{4x}{3} 3 4 x ​ ⇒ Cost of 3 Pineapples = ₹ 4 x 9 \;\;\frac{4x}{9} 9 4 x ​ Cost of 3 Pineapples = ₹ 48 ∴  ₹ 4 x 9 = 48 \;\;\frac{4x}{9} = 48 9 4 x ​ = 48 ⇒ x ₹ 108 ₹ Hence , cost of 1 mango = 108 9 \frac{108}{9} 9 108 ​ = ₹ 12 © examsnet.com"
CAPF-2013-GAI-030,2013,GAI,General Studies & Mental Ability,General Studies & Mental Ability,General Ability | UPSC CAPF | Prelims,easy,"In the diagram (not to scale) given above, the value of x is",5 1 ∘ 51^{\circ} 5 1 ∘,36 0 ∘ 7 \frac{360^{\circ}}{7} 7 36 0 ∘ ​,"62 6 ∘ 7 62\,\frac{6^{\circ}}{7} 62 7 6 ∘ ​","49 4 ∘ 7 49\,\frac{4^{\circ}}{7} 49 7 4 ∘ ​",B,"Solution: Angle at the straight line = 180° ∴ 4y° + 3y° = 180° ⇒ 7 Y ∘ = 18 0 ∘ ⇒ Y ∘ = 18 0 ∘ 7 7Y^{\circ}=180^{\circ}\Rightarrow Y^{\circ}=\;\;\frac{180^{\circ}}{7} 7 Y ∘ = 18 0 ∘ ⇒ Y ∘ = 7 18 0 ∘ ​ Now,⇒sum of three angles = 180° ∴ x° + 3y°+ 2y° = 180° ⇒ x° + 5y° = 180° ⇒ x = 18 0 ∘ − ( 5 × 180 7 ) ∘ x=180^{\circ}-\left(5\times \;\;\frac{180}{7}\right)^{\circ} x = 18 0 ∘ − ( 5 × 7 180 ​ ) ∘ = ( 2 × 180 7 ) ∘ = 36 0 ∘ 7 =\left(\;\;\frac{2\times 180}{7}\right)^{\circ}=\;\;\frac{360^{\circ}}{7} = ( 7 2 × 180 ​ ) ∘ = 7 36 0 ∘ ​ © examsnet.com"
CAPF-2013-GAI-031,2013,GAI,General Studies & Mental Ability,General Studies & Mental Ability,General Ability | UPSC CAPF | Prelims,medium,"A campus poll covering 300 undergraduate students was conducted in order to study the students' attitude towards a proposed change in the rules for hostel accommodation. The students were required to respond as 'support', 'neutral' or 'oppose' with regard to the issue. The poll outcome was presented as a pie chart as given above The numbers for 'support', 'neutral' and 'oppose' are respectively","150, 90, 60","120, 100, 80","80, 100, 120","60, 90, 150",B,Solution: Numbers for support = 14 4 ∘ 36 0 ∘ × 300 = 120 = \;\; \frac{144^{\circ}}{360^{\circ}} \times 300 = 120 = 36 0 ∘ 14 4 ∘ ​ × 300 = 120 Numbers for neutral = = 12 0 ∘ 36 0 ∘ × 300 = 100 = \;\; \frac{120^{\circ}}{360^{\circ}} \times 300 = 100 = 36 0 ∘ 12 0 ∘ ​ × 300 = 100 Numbers for oppose = = 9 6 ∘ 36 0 ∘ × 300 = 80 = \;\; \frac{96^{\circ}}{360^{\circ}} \times 300 = 80 = 36 0 ∘ 9 6 ∘ ​ × 300 = 80 © examsnet.com
CAPF-2013-GAI-032,2013,GAI,Science & Tech,General Science & Emerging Technologies,Science & Tech | General Science | Applied Science | Physics | Chemistry | Biology,easy,The following tables show the expenditure (in percentage) of two families A and B Which one among the following statements is true?,Family A spends as much on miscellaneous as family B spends on entertainment,The food expense of family B is equal to the total expense of family A,Families A and B spend equally on food.,Families A and B spend equally on entertainment,C,"Solution: Cost of miscellaneous = 20000 of 20% = ₹ 4000 Cost of entertainment = 20000 of 30% = ₹6000Cost of food = 20000 of 50% = ₹ 10000 From family B, Cost of entertainment = 100000 of 20% = ₹ 20000Cost of miscellaneous = 100000 of 70% = ₹ 70000 Cost of food = 100000 of 10% = ₹ 10000 Hence, families A and B spend equally on food. © examsnet.com"
CAPF-2013-GAI-033,2013,GAI,General Studies & Mental Ability,General Studies & Mental Ability,General Ability | UPSC CAPF | Prelims,easy,"Which one among the following diagrams illustrates relationship among animals, cows and horses?",(a),(b),(c),(d),C,"**Correct Answer: Option (C) - (c)**

**Context & Concept (General Studies & Mental Ability - General Studies & Mental Ability):**
Option (C) accurately represents the correct factual and conceptual solution for this question based on official UPSC answer keys and standard reference sources."
CAPF-2013-GAI-034,2013,GAI,General Mental Ability,Logical & Analytical Reasoning,Mental Ability | Logical Reasoning | Analytical Ability,easy,Through how many degrees does the hour hand iri a clock move as the time changes from 3 h and 12 min to 6 h?,105,99,90,84,D,Solution: Hour hand moves in 60 min = 30° It moves in 1 min = 3 0 ∘ 6 0 ∘ = ( 1 2 ) ∘ \; \; \frac{30^{\circ}}{60^{\circ}} = \left(\; \; \frac{1}{2}\right)^{\circ} 6 0 ∘ 3 0 ∘ ​ = ( 2 1 ​ ) ∘ Moves in 168 min or 2 h 48 min = 168 × 1 2 = 8 4 ∘ = 168 \times \; \; \frac{1}{2} = 84^{\circ} = 168 × 2 1 ​ = 8 4 ∘ © examsnet.com
CAPF-2013-GAI-035,2013,GAI,Quantitative Aptitude,Basic Numeracy & Quantitative Aptitude,Aptitude | Mathematics | Quantitative Reasoning | Problem Solving,medium,"As shown in the above diagram, a person starts from the centre 0 of a circular path AB, walks along the line indicated by arrows and returns to the same point. If the radius 0A-0B = 100 m, what is the total distance walked to the nearest metres?",703,723,743,823,B,"Solution: Distance A B ⌢ \overset{\frown}{AB} A B ⌢ of circular path = 2 π r θ 36 0 ∘ =2\pi r\;\frac{\theta}{360^{\circ}} = 2 π r 36 0 ∘ θ ​ Hence, total distance covered = A B ⌢ \overset{\frown}{AB} A B ⌢ + OA +OB = 523 + 100 + 100 = 723 m © examsnet.com"
CAPF-2013-GAI-036,2013,GAI,General Studies & Mental Ability,General Studies & Mental Ability,General Ability | UPSC CAPF | Prelims,easy,"If 5 persons can weave 160 mats in 8 days, how many mats will 8 persons weave in 6 days?",200,192,190,1,B,"**Correct Answer: Option (B) - 192**

**Context & Concept (General Studies & Mental Ability - General Studies & Mental Ability):**
Option (B) accurately represents the correct factual and conceptual solution for this question based on official UPSC answer keys and standard reference sources."
CAPF-2013-GAI-037,2013,GAI,General Mental Ability,Logical & Analytical Reasoning,Mental Ability | Logical Reasoning | Analytical Ability,medium,"Two cars are moving in the same direction with a speed of 45 km/h and a distance of 10 km separates them. If a car coming from the opposite direction meets these two cars at an interval of 6 min, its speed would be",45 km/h,55 km/h,65 km/h,75 km/h,B,"**Correct Answer: Option (B) - 55 km/h**

**Context & Concept (General Mental Ability - Logical & Analytical Reasoning):**
Option (B) accurately represents the correct factual and conceptual solution for this question based on official UPSC answer keys and standard reference sources."
CAPF-2013-GAI-038,2013,GAI,General Mental Ability,Logical & Analytical Reasoning,Mental Ability | Logical Reasoning | Analytical Ability,easy,Which one among the following figures will come next in the series given below?,(a),(b),(c),(d),B,"**Correct Answer: Option (B) - (b)**

**Context & Concept (General Mental Ability - Logical & Analytical Reasoning):**
Option (B) accurately represents the correct factual and conceptual solution for this question based on official UPSC answer keys and standard reference sources."
CAPF-2013-GAI-039,2013,GAI,General Studies & Mental Ability,General Studies & Mental Ability,General Ability | UPSC CAPF | Prelims,easy,Which one among the following boxes is similar to the box formed from the given sheet of paper (X)?,(a),(b),(c),(d),B,"**Correct Answer: Option (B) - (b)**

**Context & Concept (General Studies & Mental Ability - General Studies & Mental Ability):**
Option (B) accurately represents the correct factual and conceptual solution for this question based on official UPSC answer keys and standard reference sources."
CAPF-2013-GAI-040,2013,GAI,Quantitative Aptitude,Basic Numeracy & Quantitative Aptitude,Aptitude | Mathematics | Quantitative Reasoning | Problem Solving,medium,"In a class, 40 students passed in Mathematics, 50% of the students passed in English, 5% of the students failed in Mathematics and English and 25% of the students passed in both the subjects. What is the ratio of the number of students who passed in English to that in Mathematics",1:1,2:3,5:7,10:9,C,"Solution: n (M ⋃ E) = n (M) + n(E) - n(M  ⋂ E) 95 = n(M) + 50 -25 n(M) = 70% Hence, ratio of passed students in English and Mathematics = 50 :70 = 5 :7 © examsnet.com"
CAPF-2013-GAI-041,2013,GAI,General Studies & Mental Ability,General Studies & Mental Ability,General Ability | UPSC CAPF | Prelims,easy,The least integer whose multiplication with 588 leads to a perfect square is,2,3,4,7,B,"Solution: 588 = 2 x 2 x 3 x 7 x 7 Hence, make the complete square of 588 it multiple by 3. © examsnet.com"
CAPF-2013-GAI-042,2013,GAI,General Mental Ability,Logical & Analytical Reasoning,Mental Ability | Logical Reasoning | Analytical Ability,easy,"The fifth term of the alphabet series BCYX, EFVU, HISR, KLPO, ? is",NOML,NOLM,ONML,ONLM,A,"**Correct Answer: Option (A) - NOML**

**Context & Concept (General Mental Ability - Logical & Analytical Reasoning):**
Option (A) accurately represents the correct factual and conceptual solution for this question based on official UPSC answer keys and standard reference sources."
CAPF-2013-GAI-043,2013,GAI,Polity,Indian Constitution & Governance,Polity | Constitution of India | Governance | Constitutional Bodies,easy,"By selling an article at ? 270, a man loses 10%. If he would sell it at ? 360, his gain per cent is",10,15,20,25,C,"Solution: Cost price of article = 270 × 100 90 = 7300 270 \times \frac{100}{90} = 7300 270 × 90 100 ​ = 7300 If he would sell it at ? 360, then his gain per cent = 360 − 300 300 × 100 = 20 % = \frac{360-300}{300} \times 100 = 20\% = 300 360 − 300 ​ × 100 = 20% © examsnet.com"
CAPF-2013-GAI-044,2013,GAI,General Studies & Mental Ability,General Studies & Mental Ability,General Ability | UPSC CAPF | Prelims,easy,"In a certain code, ""PLANT is written as '$ $ $@2*©' and ""YIELD"" is written as ""p64@%\ How is ""DELAY"" written in that code?",β 4 *2%,β4@2%,%42@ β,%4@2β,D,"**Correct Answer: Option (D) - %4@2β**

**Context & Concept (General Studies & Mental Ability - General Studies & Mental Ability):**
Option (D) accurately represents the correct factual and conceptual solution for this question based on official UPSC answer keys and standard reference sources."
CAPF-2013-GAI-045,2013,GAI,General Studies & Mental Ability,General Studies & Mental Ability,General Ability | UPSC CAPF | Prelims,easy,"If A is coded as 1, B as 3, C as 5 and so on, which of the following is the numerical value of the word ""FAZED"" if the numerical value of ""CABLE"" is 41?",81,80,79,77,C,"**Correct Answer: Option (C) - 79**

**Context & Concept (General Studies & Mental Ability - General Studies & Mental Ability):**
Option (C) accurately represents the correct factual and conceptual solution for this question based on official UPSC answer keys and standard reference sources."
CAPF-2013-GAI-046,2013,GAI,Defence & Security,"Defence, Military & Internal Security",Defence | Military Exercises | Armed Forces | Security Architecture,easy,Natural gas is a mixture of gases and contains mainly,methane and higher hydrocarbons,butane and isobutene,Only methane,"methane, hydrogen and carbon monoxide",A,"Solution: Natural gas is a hydrocarbon gas mixture consisting primarily of methane, but commonly includes varying amounts of other higher alkanes and even a lesser percentage of C 0 2 C0_2 C 0 2 ​ , nitrogen and hydrogen sulfide. © examsnet.com"
CAPF-2013-GAI-047,2013,GAI,General Studies & Mental Ability,General Studies & Mental Ability,General Ability | UPSC CAPF | Prelims,medium,"Diamond is a polymorph of graphite. Both contain carbon atoms, but they have extremely different properties because of the condition in which they are formed. Diamond is obtained after applying",very high pressure and low temperature,very low pressure and high temperature,very low pressure and low temperature,very high pressure and high temperature,D,Solution: Diamond is formed after applying very high pressure and high temperature in Earth's mental. © examsnet.com
CAPF-2013-GAI-048,2013,GAI,Modern History,Indian National Movement,Modern History | Freedom Struggle | British Colonial Rule,easy,The three primary soil micro-nutrients are,"carbon, oxygen and water","copper, cadmium and carbon","nitrogen, phosphorus and potassium","boron, zinc and magnesium",A,"Solution: There are six micronutrients that have been classified as essential for soil. There are-iron, boron, manganese, zinc, molybdenum and cobalt © examsnet.com"
CAPF-2013-GAI-049,2013,GAI,General Studies & Mental Ability,General Studies & Mental Ability,General Ability | UPSC CAPF | Prelims,easy,"Diamond Ring, God's Eye and Baity's Beads are the parts of which one among the following natural phenomena?",Aurora,Lightning,Solar storm,Solar eclipse,D,Solution: Diamond ring is the part of Solar eclipse. © examsnet.com
CAPF-2013-GAI-050,2013,GAI,General Studies & Mental Ability,General Studies & Mental Ability,General Ability | UPSC CAPF | Prelims,easy,'Turing Machine' serves as,a machine to identify explosives,an indicator to inform about forest fire,an instrument for finding out gravitational constant,a theoretical computing machine to act as an ideal model for mathematical calculation,D,Solution: A Turing Machine is a hypothetical device that manipulates symbols on a strip of tape according to a table of rules. It was invented in 1936 by Alan Turing. © examsnet.com
CAPF-2013-GAI-051,2013,GAI,Current Affairs,Current Events of National & International Importance,Current Affairs | International Relations | Government Schemes | Awards,hard,"Consider the following statements 1. The Fifth Summit of BRICS (2013) was held in Durban. 2. Dr. Manmohan Singh became the only head of States or head of Government to attend all BRICS Summits held so far. 3. The theme of Fifth Summit of BRICS was ""BRICS and Africa: Partnership for Development, Integration and Industrialization''. Which of the statements given above is/are correct?",Only 3,1 and 2,2 and 3 .,All of these.,A,"Solution: The Fifth BRICS Summit (2013) was held in Durban during 26-27 March, with the theme of ""BRICS and Africa: Partnership for Development, Integration and Industrialization”. Dr. Manmohan Singh represented India in this summit and became the only head of states to attend all BRICS summits held so far. © examsnet.com"
CAPF-2013-GAI-052,2013,GAI,Environment & Ecology,"Ecology, Biodiversity & Climate Change",Environment & Ecology | Biodiversity | Conservation | Climate Change,easy,The logo of which of the following famous organizations is a Giant Panda?,World Wildlife Fund or World Wide Fund for Nature (WWF),International Union for Conservation of ' Nature and Natural Resources (IUCN),"United Nations Educational, Scientific and Cultural Organization (UNESCO)",United Nations Environment Programme (UNEP),A,Solution: The logo of World Wildlife Fund (WWF) is a Giant Panda. This organization is founded in year 1961 © examsnet.com
CAPF-2013-GAI-053,2013,GAI,General Studies & Mental Ability,General Studies & Mental Ability,General Ability | UPSC CAPF | Prelims,easy,Which of the following is the correct chronological order of TV display technologies?,"CRT, Plasma, LED","CRT, LED, Plasma","LED, CRT, Plasma","Plasma, LED, CRT",A,"Solution: The correct chronological order of TV display technologies are CRT, Plasma, LCD and LED © examsnet.com"
CAPF-2013-GAI-054,2013,GAI,General Studies & Mental Ability,General Studies & Mental Ability,General Ability | UPSC CAPF | Prelims,medium,Consider the following statements 1. Employment growth in India in the second half of the first decade of 21st century was relatively modest. 2. There was lower labour force participation rate across all ages during the period. Which of the statements given above is/are correct?,Only 1,Only 2,Bothl and 2,Neither 1 nor 2,A,Solution: Employment growth in India in the second half of the first decade of 21st century (2005-10) was relatively modest © examsnet.com
CAPF-2013-GAI-055,2013,GAI,General Studies & Mental Ability,General Studies & Mental Ability,General Ability | UPSC CAPF | Prelims,easy,Which one among the following sectors in India has the highest share of employment?,Agriculture and allied activities,Manufacturing,Construction,Tertiary sector,A,Solution: The sector of agriculture and allied activities in India has the highest share (about 52%) of employment. © examsnet.com
CAPF-2013-GAI-056,2013,GAI,Current Affairs,Current Events of National & International Importance,Current Affairs | International Relations | Government Schemes | Awards,easy,"The Human Development Report, 2013 (UNDP) does not focus on",sustaining development momentum,peace and security,confronting environmental pressure,managing demographic change,B,"Solution: The Human Development Report, 2013 identified four areas of focus, sustaining development, enabling greater voice and participation of citizens including youth, confronting environmental pressures and managing demographic change. © examsnet.com"
CAPF-2013-GAI-057,2013,GAI,Current Affairs,Current Events of National & International Importance,Current Affairs | International Relations | Government Schemes | Awards,easy,"In order to provide pensions to workers of the unorganised sector, which one among the following schemes has been launched by the Government?",Swabhiman,Swavalamban,Swadhar,Aadhaar,B,Solution: Swavalamban scheme has been launched by Central Government in order to provide pensions to workers of the unorganized sector. The scheme was announced in 2010-11 Union Budget. © examsnet.com
CAPF-2013-GAI-058,2013,GAI,Modern History,Indian National Movement,Modern History | Freedom Struggle | British Colonial Rule,easy,"Which one among the following is the latest nation to join the World Trade Organization (as on March, 2013)?",North Korea,China,Russia,Tajikistan,D,"Solution: Tajikistan is the latest nation to join the World Trade Organization as on 2 March, 2013. © examsnet.com"
CAPF-2013-GAI-059,2013,GAI,Modern History,Indian National Movement,Modern History | Freedom Struggle | British Colonial Rule,easy,The 27th Indira Gandhi Award for National Integration was conferred on,Ela Bhatt,Gulzar,Mohan Dharia,AR Rahman,B,Solution: The 27th Indira Gandhi Award for National Integration was conferred on famous film director and lyricist Gulzar. This award was established in year 1985 © examsnet.com
CAPF-2013-GAI-060,2013,GAI,General Studies & Mental Ability,General Studies & Mental Ability,General Ability | UPSC CAPF | Prelims,easy,"Who among the following won the Men's Singles All-England Badminton Championship held in Birmingham, England in 2013?",Lee Chong Wei,Chen Long,Chen Jin,Lin Dan,B,"Solution: All England Badminton Championship was started in April, 1899 and it is one of the oldest Badminton trophy of world. Chinese player Chen Long won this championship in 2013 by defeating Malasiyai Lee Chong Wei © examsnet.com"
CAPF-2013-GAI-061,2013,GAI,Economy,Indian Economy & Financial System,Economy | Macroeconomics | Banking & Finance | Public Finance,hard,The following are some important sources of tax revenue for the Union Government in India 1. Corporation tax 2. Customs 3. Union excise duties 4. Service tax Arrange the aforesaid sources of revenue in ascending order as per the Budget Estimates for 2013-14,1-2-3-4,1-2-4-3,2-1-3-4,4-3-2-1 of,D,"Solution: The sources of tax revenue in ascending order are service tax. excise duties, customs and corporation tax. © examsnet.com"
CAPF-2013-GAI-062,2013,GAI,Quantitative Aptitude,Basic Numeracy & Quantitative Aptitude,Aptitude | Mathematics | Quantitative Reasoning | Problem Solving,hard,"Which of the following statements about the scheme 'Roshni' launched by the Ministry of Rural Development in June, 2013 is/are correct? 1. The scheme is supposed to provide training and employment to youth in the age group of 10 to 35 years. 2. 50% of the beneficiaries of the scheme will be women. 3. It is a cent per cent Central Government funded scheme. Select the correct answer using the code given below.",Only 1,Only 2,1 and 2,All of these,B,"Solution: Roshni scheme launched by the Ministry of Rural Development in June, 2013 to provide training and employment to youth in the age group of 18 to 35 years, 50% of the beneficiaries of the scheme will be women. Central and State Government jointly provided the fund for scheme in ratio 75:25 respectively. © examsnet.com"
CAPF-2013-GAI-063,2013,GAI,Modern History,Indian National Movement,Modern History | Freedom Struggle | British Colonial Rule,medium,"In February, 2013 the International Court of Arbitration at the Hague ruled in favour of India's position on the diversion of Kishanganga water setting aside the objections raised by",Pakistan,China,Nepal,Bangladesh,A,"Solution: In February, 2013, the International Court of Arbitration at the Hague ruled in favour of India's position on the diversion of Kishanganga water setting aside the •objections raised by Pakistan. Kishanganga project is under constrution on Jhelum river © examsnet.com"
CAPF-2013-GAI-064,2013,GAI,General Studies & Mental Ability,General Studies & Mental Ability,General Ability | UPSC CAPF | Prelims,medium,"Consider. the following statements about NE0SS at launched by PSLV in February, 2013 1. It-is the only space telescope dedicated to searching for asteroids that might have a threat to the Earth. 2. It was designed and developed by ISR0. Which of the statements given above is/are correct?",Only 1,Only 2,Both 1 and 2,Neither 1 nor 2,A,"Solution: NEOSS at is a Canadian Space telescope, launched on 25th February, 2013, with five other satellites from Satish Dhawan Space Centre. © examsnet.com"
CAPF-2013-GAI-065,2013,GAI,Modern History,Indian National Movement,Modern History | Freedom Struggle | British Colonial Rule,medium,"The Government of India on 12th June, 2013 enhanced the limit of foreign investments in government securities by 5 billion US dollar. In this regard, which of the following statements is not correct?",It was done in order to increase inflow of overseas capital.,It will strengthen the value of rupee.,The foreign institutional investors registered to SEBI are only eligible for investment in the enhanced limit of 5 billion US dollar.,"The investment can be made in all categories of investments across, the board.",D,"Solution: With the enhancement, the total limit of investments by foreign entities in government securities has increased from 25 b i l l i o n t o 25 billion to 25 bi ll i o n t o 30 billion. It shall be available for investments only to those Fils which are registered with SEBI under the categories of Sovereign Wealth Funds, Multilateral Agencies, Endowment Funds, Insurance Funds, Pension Funds and Foreign Central Banks. © examsnet.com"
CAPF-2013-GAI-066,2013,GAI,Economy,Indian Economy & Financial System,Economy | Macroeconomics | Banking & Finance | Public Finance,hard,"The Central Board of Direct Taxes (CBDT) in June, 2013 has specified a value for the cost inflation index of 2013-14. In this regard, which of the statements given below is/are correct? 1. There has been a rise in the cost inflation index over the year 2012-13. 2. The cost inflation index helps in reducing the inflationary gains, thereby reducing the longterm capital gains tax payout for a taxpayer. Select the correct answer using the code given below.",Only 1,Only 2,Both 1 and 2,"Neither 1 nor 2,",C,Solution: The cost inflation index helps in reducing the inflationary gains and reducing the long term capital gains tax payout for a taxpayer. There has been a riser of 10.2% in the cost inflation index over the year 2012-13. © examsnet.com
CAPF-2013-GAI-067,2013,GAI,Science & Tech,General Science & Emerging Technologies,Science & Tech | General Science | Applied Science | Physics | Chemistry | Biology,easy,United Nations General Assembly declared the year 2013 as,International Year of Water Cooperation,International Year of Space Cooperation,International Year of Air Cooperation,International Year of Science and Technology Cooperation,A,Solution: United Nations General Assembly declared the year 2013 as International year of water cooperation. © examsnet.com
CAPF-2013-GAI-068,2013,GAI,Modern History,Indian National Movement,Modern History | Freedom Struggle | British Colonial Rule,hard,"Which of the following recommendations of J. S. Verma Committee on crime against women was/were accepted by the Government by way of an ordinance? 1. Armed force personnel, who commit crime against women, could be tried under ordinary criminal law. 2. There would be restriction of politicians facing sexual offence charges from contesting elections. 3. Criminalisation of marital rape. 4. Question regarding moral character will not be put to the victim during cross examination. Select the correct answer using the code given below.","2, 3 and 4",2 and 4,"1,2 and 3",Only 4,D,"Solution: The recommendation which is accepted by the Government by way of an ordinance is, question regarding moral character will not be put to the victim during cross examination. © examsnet.com"
CAPF-2013-GAI-069,2013,GAI,General Studies & Mental Ability,General Studies & Mental Ability,General Ability | UPSC CAPF | Prelims,medium,"Statement I When a piece of brick lying on grass for a number of days is removed, the covered part of the grass appears pale. Statement II Synthesis of chlorophyll, which gives green pigment, occurs in presence of Sunlight.",Both the statements are individually true and Statement II is. the correct explanation of Statement I,Both the statements are individually true but Statement II is not the correct explanation of Statement I,Statement I is true but Statement II is false,Statement I is false but Statement II is true,C,"Solution: When a piece of brick lying on grass for a number of days is removed, the covered part of the grass appears pale due to lack of Sunlight. © examsnet.com"
CAPF-2013-GAI-070,2013,GAI,General Studies & Mental Ability,General Studies & Mental Ability,General Ability | UPSC CAPF | Prelims,medium,Statement I The mirror used in searchlight is parabolic. Statement II All the rays coming from the source at the focus of a parabolic mirror are reflected as an intense parallel beam,Both the statements are individually true and Statement II is. the correct explanation of Statement I,Both the statements are individually true but Statement II is not the correct explanation of Statement I,Statement I is true but Statement II is false,Statement I is false but Statement II is true,A,Solution: The mirror used in searchlight is parabolic. The focus of a parabolic mirror are reflected as an intense parallel beam © examsnet.com
CAPF-2013-GAI-071,2013,GAI,Geography,Physical and Indian Geography,Geography | Physical Geography | Indian Geography | Geomorphology,medium,Statement I . Ozone is produced naturally by the action of ultraviolet radiation on oxygen molecule ( O 2 O_2 O 2 ​ ) in the upper atmosphere. Statement II Ozone depletion has been caused by the release of chloro fluorocarbons (CFCs) into the atmosphere.,Both the statements are individually true and Statement II is. the correct explanation of Statement I,Both the statements are individually true but Statement II is not the correct explanation of Statement I,Statement I is true but Statement II is false,Statement I is false but Statement II is true,D,Solution: Ozone O 3 O_3 O 3 ​ is an allotrope of oxygen. Ozone depletion has been caused by the release of chloro fluorocarbons (CFCs) and oxides of nitrogen into the atmosphere © examsnet.com
CAPF-2013-GAI-072,2013,GAI,Geography,Physical and Indian Geography,Geography | Physical Geography | Indian Geography | Geomorphology,easy,Statement I Virgin soils of newly cleared forests give higher yield of coffee. Statement II Coffee is a soil nutrient exhaustive crop.,Both the statements are individually true and Statement II is. the correct explanation of Statement I,Both the statements are individually true but Statement II is not the correct explanation of Statement I,Statement I is true but Statement II is false,Statement I is false but Statement II is true,A,Solution: Coffee is a soil nutrient exhaustive crop. Virgin soils of newly cleared forests give higher yield of coffee because it has lots of natural nutrients. © examsnet.com
CAPF-2013-GAI-073,2013,GAI,Ancient History,Ancient Indian History,Ancient History | Indian History | Archaeological Sources,medium,Statement I Ashoka called the Third Buddhist Council in 252 BC at Pataliputra and it was there that the Buddhist Church became divided into two sects-the Hinayana and the Mahayana. Statement II Kanishka called the Fourth Buddhist Council at Kundalvana near Srinagar and Vasumitra was believed to have acted as President.,Both the statements are individually true and Statement II is. the correct explanation of Statement I,Both the statements are individually true but Statement II is not the correct explanation of Statement I,Statement I is true but Statement II is false,Statement I is false but Statement II is true,D,Solution: Ashoka called the Third Buddhist Council in 252 BC. The Buddhist Church became divided into two sects the Hinayana and the Mahayana after the Fourth Buddhist Council. © examsnet.com
CAPF-2013-GAI-074,2013,GAI,General Studies & Mental Ability,General Studies & Mental Ability,General Ability | UPSC CAPF | Prelims,medium,Statement I The Jajmani system was one in which the village artisans supplied traditionally fixed quantities of their products to peasant families in return for shares in the harvest. Statement II The Jajmani system was a system of the Jotedars (rich farmers) and the Bargadars (sharecroppers),Both the statements are individually true and Statement II is. the correct explanation of Statement I,Both the statements are individually true but Statement II is not the correct explanation of Statement I,Statement I is true but Statement II is false,Statement I is false but Statement II is true,A,Solution: The Jajmani system was a system of the Jotedars and the Bargadars. In this system the village artisans supplied traditionally Fired quantities of their products to peasant families in return for shares in the harvest. © examsnet.com
CAPF-2013-GAI-075,2013,GAI,Economy,Indian Economy & Financial System,Economy | Macroeconomics | Banking & Finance | Public Finance,medium,"Statement I For the three years after 2007-08 Annual Budget in India, there was practically no increase in tax/GDP ratio. Statement II At the same time, government expenditure jumped noticeably.",Both the statements are individually true and Statement II is. the correct explanation of Statement I,Both the statements are individually true but Statement II is not the correct explanation of Statement I,Statement I is true but Statement II is false,Statement I is false but Statement II is true,D,"Solution: For the three years after 2007-08 Annual Budget in India, there was practically some increase in tax/GDP ratio. © examsnet.com"
CAPF-2013-GAI-076,2013,GAI,Modern History,Indian National Movement,Modern History | Freedom Struggle | British Colonial Rule,easy,Khumbum Monastery is situated in,India,Thailand,China,Japan,C,"Solution: Khumbum Monastery is a Buddhist Monastery in Qinghai province, China. Khumbum was founded in 1583 in a narrow valley close to the village of Lusar © examsnet.com"
CAPF-2013-GAI-077,2013,GAI,Geography,Physical and Indian Geography,Geography | Physical Geography | Indian Geography | Geomorphology,easy,The place located at the confluence of Alakananda and Pindar rivers is,Rudraprayag,Kamaprayag,Devaprayag,Vishnuprayag,B,Solution: Kamaprayag is located at the confluence of Alakananda and Pindar rivers © examsnet.com
CAPF-2013-GAI-078,2013,GAI,General Studies & Mental Ability,General Studies & Mental Ability,General Ability | UPSC CAPF | Prelims,hard,Match List I with List II and select the correct answer using the code given below the lists List I (Continent) List II (Desert) A. Asia 1. Atacama B. Africa 2. Mojave C. North America 3. Kalahari D. South America 4. Gobi A B C D (a) 4 2 3 1 (b) 1 3 2 4 (c) 4 3 2 1 (d) 1 2 3 4,(a),(b),(c),(d),C,Solution: Continent Desert Asia Gobi Africa Kalahari North America Mojave South America Atacama © examsnet.com
CAPF-2013-GAI-079,2013,GAI,Geography,Physical and Indian Geography,Geography | Physical Geography | Indian Geography | Geomorphology,easy,Which one among the following ocean currents mixes with Labrador current?,Canaries current,Benguela current,Florida current,California current,C,Solution: Florida current (warm) mixes with Labrador current (cold). Both are the currents of Atlantic Ocean © examsnet.com
CAPF-2013-GAI-080,2013,GAI,General Studies & Mental Ability,General Studies & Mental Ability,General Ability | UPSC CAPF | Prelims,easy,The Wallace's Line distinguishes or separates the flora and fauna between,Canada and USA,Taiga region and Tundra region,Mexico and Central America,South-East Asia and Australasia,D,"Solution: The Wallace's is a imaginary line, which separates the flora and fauna between South-East Asia and Australasia in Indonesian Islands © examsnet.com"
CAPF-2013-GAI-081,2013,GAI,Geography,Physical and Indian Geography,Geography | Physical Geography | Indian Geography | Geomorphology,easy,Which one among the following is the major occupation in equatorial region?,Growing of tropical crops,Growing of cereals,Growing of citrus fruits,Animal rearing,A,"Solution: Growing of tropical crops is the major occupation in equatorial region. The main crops of this region is sugarcane, cocoa, coffee, rubber and banana. © examsnet.com"
CAPF-2013-GAI-082,2013,GAI,Modern History,Indian National Movement,Modern History | Freedom Struggle | British Colonial Rule,easy,Mahatma Gandhi's opposition to separate electorates for untouchables was because,separate electorates would ensure them bondage in perpetuity,of the apprehension of offending the conservative high caste Hindus,it would weaken Mahatma Gandhi's position as a leader,None of the above,A,Solution: Under the Communal Award (1932) the depressed classes were to be considered as minority and it would make them entitled to the right of separate electorate. Gandhiji reacted strongly to the proposal. He considered depressed class as the integral part of Hindu Society. © examsnet.com
CAPF-2013-GAI-083,2013,GAI,Geography,Physical and Indian Geography,Geography | Physical Geography | Indian Geography | Geomorphology,easy,Various causes have been suggested for the decline of Harappan Culture. Consider the causes mentioned below and identify the weakest of them.,Due to constant incidents of naturally occurring floods,"Due to increase in the salinity of the soil, fertility decreased there","Earthquakes caused changes in the course of the Indus, which led to inundation",The Aryans invaded and destroyed the Harappan Culture,B,Solution: Decrease soil fertility due to increase in . the salinity is a weakest cause for thedecline of Harappan Culture. © examsnet.com
CAPF-2013-GAI-084,2013,GAI,General Studies & Mental Ability,General Studies & Mental Ability,General Ability | UPSC CAPF | Prelims,easy,"Who among the following is the author of 'Ashtadhyayi', the Sanskrit grammar?",Patanjali,Panini,Kalidasa,Banabhatta,B,"Solution: Ashtadhyayi, the oldest book on Sanskrit grammar was written by Panini. © examsnet.com"
CAPF-2013-GAI-085,2013,GAI,Ancient History,Ancient Indian History,Ancient History | Indian History | Archaeological Sources,easy,Which one among the following inscriptions was installed in the Easternmost part of Ashoka's territory?,Barabar hill cave inscription,Dhauli major rock edicts,Sahasram minor rock edicts,Lauriya Araraj pillar edicts,D,"Solution: Lauriya Araraj pillar edicts (Champarana, Bihar) was installed in the Easternmost part of Ashoka's territory © examsnet.com"
CAPF-2013-GAI-086,2013,GAI,Ancient History,Ancient Indian History,Ancient History | Indian History | Archaeological Sources,easy,The prevalence of grain in Harappan sites indicated that,Harappans ploughed their fields,Harappans broadcast seed on their fields,agriculture was prevalent in Harappan sites,trade in bulk items like food grains was well-established in Harappan times,C,Solution: The prevalence of grain in Harappan sites indicated that Harappans was familiar with cultivation and agriculture was prevalent in Harappan sites. © examsnet.com
CAPF-2013-GAI-087,2013,GAI,Geography,Physical and Indian Geography,Geography | Physical Geography | Indian Geography | Geomorphology,easy,Which one among the following statements about industries in colonial India is not correct?,The jute industry was almost entirely owned by Europeans,The cotton textile industry was almost wholly owned by Indians,The cotton textile industry was small in size,The growth of cotton industry was the result of government support,C,Solution: The cotton textiles was the major industry of colonial India. © examsnet.com
CAPF-2013-GAI-088,2013,GAI,Medieval History,Medieval Indian History,Medieval History | Delhi Sultanate | Mughal Empire | Administration,hard,The establishment of Mughal rule in India 1. strengthened urbanization. 2. strengthened inter-urban contact in riparian North India. 3. increased India's sea trade. 4. decreased the risk of carrying long distance trade. Select the correct answer using the code given below.,"1, 2 and 3",1 and 2,3 and 4,Only 1,B,Solution: The establishment of Mughal rule in India strengthened urbanization and inter-urban contact in riparian North India © examsnet.com
CAPF-2013-GAI-089,2013,GAI,Geography,Physical and Indian Geography,Geography | Physical Geography | Indian Geography | Geomorphology,easy,The first major boost to modem industry in India happened in the 1860s. It was a direct result of,the demand created in America because of the Civil War,the demand created in Europe because of the Civil War in America,"the decline in competition from the cotton, mills of Lancashire and Manchester",the support of government to industries in India,C,Solution: The first major boost to modern industry in India happened in the 1860. It was a direct result of the decline in competition from the cotton mills of Lancashire and Manchester. © examsnet.com
CAPF-2013-GAI-090,2013,GAI,Ancient History,Ancient Indian History,Ancient History | Indian History | Archaeological Sources,easy,The significant difference between Mahayana and Hinayana forms of Buddhism lay in that,Mahayana allowed for the transference of merit while in Hinayana a person would only help another by example and advice,Mahayana believed in the Bodhisattvas while Hinayana did not,Hinayana promoted the ideas of a suffering saviour,"Mahayana propounded the idea of the 'Arhant', the 'Worthy'",B,Solution: The significant difference between Mahayana and Hinayana forms of Buddhism lay in that Mahayana belived in the Bodhisattvas while Hinayana did not. © examsnet.com
CAPF-2013-GAI-091,2013,GAI,Modern History,Indian National Movement,Modern History | Freedom Struggle | British Colonial Rule,easy,"The ancient trade route, popularly called the Dakshinapatha, connected",Ajanta with Golconda,EUora with Muziris,Ajanta with Arikamedu,Ajanta with Pataliputra,A,"Solution: The ancient trade route, popularly called the Dakshinapatha connected Shrawasti with Partishthanpur (Gadavari). Kautilaya described it as a most important route of India. © examsnet.com"
CAPF-2013-GAI-092,2013,GAI,Modern History,Indian National Movement,Modern History | Freedom Struggle | British Colonial Rule,easy,The Salt Satyagraha,encouraged Indians to manufacture salt,showed to the government that Indians would break unfair laws,proved that Mahatma Gandhi was a mass leader,was designed to destroy the finances of the colonial government,B,"Solution: The Salt Satyagraha (Dandi March, 1930) showed to the government that Indians would break unfair laws. © examsnet.com"
CAPF-2013-GAI-093,2013,GAI,General Studies & Mental Ability,General Studies & Mental Ability,General Ability | UPSC CAPF | Prelims,easy,The Khilafat Movement was built around,opposing British rule in India,protecting the sovereignty of the Khalifa,opposing the national movement,protesting against lack of educational opportunities in India,B,"Solution: During the First World War, Turkey was allied with Germany and Austria against British. The Indian Muslim regarded the Sultan of Turkey as their spiritual leader Khalifa. After the war, the British removed the Khalifa's from power and fragmented Turkey. Hence, the Muslim started the Khilafat Movement in India for the restoration of Khalifa's position. © examsnet.com"
CAPF-2013-GAI-094,2013,GAI,Modern History,Indian National Movement,Modern History | Freedom Struggle | British Colonial Rule,easy,Mahatma Gandhi's severe criticism of the Congress leadership at the opening of the Benaras Hindu University was focused on,the Congress strategy for opposing the government,the Congress accepting offices under the government,condemnation of Indian nationalism for being an elite phenomenon,All of the above,D,Solution: Mahatma Gandhi's severe criticism of the Congress leadership at the opening of the Benaras Hindu University was focused on the Congress strategy for opposing the government and Congress accepting offices under the government © examsnet.com
CAPF-2013-GAI-095,2013,GAI,Medieval History,Medieval Indian History,Medieval History | Delhi Sultanate | Mughal Empire | Administration,easy,Akbafs Ibadat Khana was the place where,military strategy was decided,inter-faith debates and discussions were held,Akbar preached his principles of Sulh-i-kul,fine arts were practised,B,Solution: Akbar built an 'Ibadat Khana' in 1575 AD at Fatehpur Sikri to discuss religious matters. He invited many distinguished persons for discussion © examsnet.com
CAPF-2013-GAI-096,2013,GAI,Quantitative Aptitude,Basic Numeracy & Quantitative Aptitude,Aptitude | Mathematics | Quantitative Reasoning | Problem Solving,easy,The Buddhist Sangha was an organization of monks,who became teachers of Dhamma,that helped the spread of education,to help the integration of the State,to provide relief to the poor in times of distress,B,Solution: The Buddhist Sangha was an organisation of monks that helped the spread of education. © examsnet.com
CAPF-2013-GAI-097,2013,GAI,Geography,Physical and Indian Geography,Geography | Physical Geography | Indian Geography | Geomorphology,hard,Match List I with List II and select the correct answer using the code given below the lists List 1(Festival) List II(Occasion) A.Vallamkali 1. Temple festival B.Pooram festival 2. Boat race C.Chapchar Kut 3. The marriage of Lord Krishna and Rukmini D.Madhavrai fair 4. Spring festival Codes A B C D (a) 3 1 4 2 (b) 2 1 4 3 (c) 2 4 1 3 (d) 3 4 1 2,(a),(b),(c),(d),B,"**Correct Answer: Option (B) - (b)**

**Context & Concept (Geography - Physical and Indian Geography):**
Option (B) accurately represents the correct factual and conceptual solution for this question based on official UPSC answer keys and standard reference sources."
CAPF-2013-GAI-098,2013,GAI,General Studies & Mental Ability,General Studies & Mental Ability,General Ability | UPSC CAPF | Prelims,hard,"The direct correlation among caste, poverty and social status implied that 1. with improvement in economic status, one could claim higher social status. 2. caste hierarchy was immutable. 3. lower castes were the only ones to be pushed into menial labour. 4. with improvement in social status, one could claim higher caste status. Select the correct answer using the code given below.","1,2 and 4","1, 3 and 4",2 and 4,1 and 3,B,"Solution: The direct correlation among .caste, poverty and social status implied that, with improvement in economic status, one could claim higher social status and after improvement in social status, he could claim higher caste status. © examsnet.com"
CAPF-2013-GAI-099,2013,GAI,General Studies & Mental Ability,General Studies & Mental Ability,General Ability | UPSC CAPF | Prelims,easy,Ritual kinship was the hallmark of Vijayanagar rule. Vijayanagar rulers claimed to have ruled on behalf of which one among the following shrines?,Vithala,Tirupati,Virupaksha,Mallikaijuna,C,Solution: Vijayanagar rulers claimed to have ruled on behalf of Virupaksha shrines. Ritual kinship was the hallmark of Vijayanagar rule. © examsnet.com
CAPF-2013-GAI-100,2013,GAI,General Studies & Mental Ability,General Studies & Mental Ability,General Ability | UPSC CAPF | Prelims,easy,Separate electorates for. representation of Indian Christians and Anglo-Indians were created under the,"Indian Councils Act, 1861","Government of India Act, 1909","Government of India Act, 1919","Government of India Act, 1935",C,"Solution: Separate electorates for representation of Indian Christians and Anglo-Indians were created under the Government of India Act, 1919. © examsnet.com"
CAPF-2013-GAI-101,2013,GAI,General Studies & Mental Ability,General Studies & Mental Ability,General Ability | UPSC CAPF | Prelims,easy,Leaves of lotus and water lily are not easily wet because the leaves,have surface uneven in microscale and water Cannot come into contact with the depressed areas due to high surface tension,contain an oily substance,contain a greasy substance,have surface too smooth to attract water,A,Solution: Leaves of lotus and water lily are not easily wet because the leaves have surface uneven in microscale and water cannot come into contact with the depressed areas due to high surface tension. © examsnet.com
CAPF-2013-GAI-102,2013,GAI,Quantitative Aptitude,Basic Numeracy & Quantitative Aptitude,Aptitude | Mathematics | Quantitative Reasoning | Problem Solving,easy,Arsenic present in groundwater can be partially removed,along with removal of iron by precipitation/ method if iron is also present in the water.,on boiling even if iron is absent in the water.,on UV treatment.,on filtration even if iron is absent in the water,D,Solution: Arsenic present in groundwater can be partially removed on filtration even if iron is absent in the water © examsnet.com
CAPF-2013-GAI-103,2013,GAI,Science & Tech,General Science & Emerging Technologies,Science & Tech | General Science | Applied Science | Physics | Chemistry | Biology,hard,Transformer is used to 1. convert low AC voltage to high voltage 2. convert high AC voltage to low voltage 3. convert direct current to alternating current 4. regulate the fluctuation of voltage Select the correct answer using the code given below.,1 and 3,3 and 4,land 2,"1,2 and 3",C,Solution: Transformer is a device which converts low voltage AC into high voltage AC and high voltage AC into low voltage AC. It is based on electromagnetic induction © examsnet.com
CAPF-2013-GAI-104,2013,GAI,Economy,Indian Economy & Financial System,Economy | Macroeconomics | Banking & Finance | Public Finance,easy,The filament of electric bulb is generally made of tungsten because,tungsten is cheap,durability of tungsten is high,light-emitting power of tungsten is high,melting point of tungsten is high,D,Solution: The filament of electric bulb is generally made of tungsten because it has high melting point. Melting point of tungsten is about 3500°C. © examsnet.com
CAPF-2013-GAI-105,2013,GAI,General Studies & Mental Ability,General Studies & Mental Ability,General Ability | UPSC CAPF | Prelims,easy,Electricity meter may be a/an,mainframe computer,micro computer,hybrid computer,analog computer,A,Solution: Electricity meter may be a mainframe computer © examsnet.com
CAPF-2013-GAI-106,2013,GAI,Science & Tech,General Science & Emerging Technologies,Science & Tech | General Science | Applied Science | Physics | Chemistry | Biology,easy,Advanced Sunrise and delayed Sunset found in the sky are due to the phenomenon of,diffraction of Sunlight,refraction of Sunlight,scattering of Sunlight,total internal reflection of Sunlight,B,Solution: Advanced Sunrise and delayed Sunset found in the sky are due to the phenomenon of refraction of Sunlight. © examsnet.com
CAPF-2013-GAI-107,2013,GAI,General Studies & Mental Ability,General Studies & Mental Ability,General Ability | UPSC CAPF | Prelims,easy,The formation of colours in soap bubbles is due to the phenomenon of,dispersion of light,interference of light,diffraction of light,polarization of light,A,"Solution: The formation of colours in soap bubbles is due to the phenomenon of dispersion of light, because the bubbles are behave like prism for light © examsnet.com"
CAPF-2013-GAI-108,2013,GAI,Science & Tech,General Science & Emerging Technologies,Science & Tech | General Science | Applied Science | Physics | Chemistry | Biology,easy,Geostationary satellite completes its one revolution around the Earth in,90 min,24 h,30 days,365 days,B,Solution: Geostationary satellites completes its one revolution around tho Earth in 24 h. It is used to reflect TV signals and telocast TV programs from ono part of tho world to another. This satellites revolves around the Earth at a height of 36000 km. © examsnet.com
CAPF-2013-GAI-109,2013,GAI,Science & Tech,General Science & Emerging Technologies,Science & Tech | General Science | Applied Science | Physics | Chemistry | Biology,easy,"What is the correct sequence of conductivity, when arranged in ascending order?","Metals, semiconductors, insulators","Insulators, metals, semiconductors","Semiconductors, metals, insulators","Insulators, semiconductors, metals",D,"Solution: Insulators are those substance which do not allow passage of charge through themselves, while conductors are allow passage of olectrical charge to flow through them. All metals are good conductors, semiconductor is the middle state of insulator and conductor. © examsnet.com"
CAPF-2013-GAI-110,2013,GAI,General Studies & Mental Ability,General Studies & Mental Ability,General Ability | UPSC CAPF | Prelims,easy,Which one among the following statements about 'modem' is correct?,Modem is a software. ‘,Modem helps in stabilizing the voltage.,Modem is an operating system.,Modem converts the analog signal into digital signal and vice-versa,D,"Solution: Modem is a computer device, uses in networking. It converts the analog signal into digital signal and vice- versa. © examsnet.com"
CAPF-2013-GAI-111,2013,GAI,General Studies & Mental Ability,General Studies & Mental Ability,General Ability | UPSC CAPF | Prelims,easy,Which one among the following is not a form of caibon?,Graphene,Graphite,Fullerene,Quartz,D,Solution: Quartz ( S i O 2 ) (SiO_2) ( S i O 2 ​ ) is a silicate mineral. It is the second largest mineral found in Earth's crust. © examsnet.com
CAPF-2013-GAI-112,2013,GAI,Science & Tech,General Science & Emerging Technologies,Science & Tech | General Science | Applied Science | Physics | Chemistry | Biology,easy,Plants capable of performing photosynthesis belong to which one among the following types of organisms?,Heterotrophs,Saprotrophs,Autotrophs,Chemoheterotrophs,C,"Solution: Autotrophs are organism that produce complex organic compounds (such as carbohydrates, fats and proteins) from simple substances present in its surroundings. They are the producers in a food chain © examsnet.com"
CAPF-2013-GAI-113,2013,GAI,General Studies & Mental Ability,General Studies & Mental Ability,General Ability | UPSC CAPF | Prelims,hard,"With reference to India, which of the following statements relating to urbanization is/are correct? 1. It is a manifestation of economic, social and political progress. 2. Rapid growth of urban population puts pressure on public utilities. 3. Urban sprout is encroaching the precious agricultural land. Select the correct answer using the code given below.",1 and 2,Only 2,1 and 3 ‘,All of these,D,"Solution: In India rapidly growing urbanization is a manifestation of economic, social and political progress. Growth of urban population puts pressure on public utilities and encroaching the precious agriculture land. © examsnet.com"
CAPF-2013-GAI-114,2013,GAI,General Studies & Mental Ability,General Studies & Mental Ability,General Ability | UPSC CAPF | Prelims,hard,Which of the following statements regarding landslides is/are correct? 1. They are sudden.and sporadic:- 2. They result when the slope is' gentle. 3. Mining activity is also responsible for landslides. Select the correct answer using the code given below.,1 and 2,1 and 3,Only 3,All of these,B,"Solution: A landslide or landslip is a geological phenomenon which includes a wider range of ground movement, such as rockfalls, deep failure of slopes and shallow debris flows, which can occur in offshore, coastal and onshore environments © examsnet.com"
CAPF-2013-GAI-115,2013,GAI,Quantitative Aptitude,Basic Numeracy & Quantitative Aptitude,Aptitude | Mathematics | Quantitative Reasoning | Problem Solving,hard,Which of the following statements related to globalisation is/are correct? 1. It has resulted in the change of scale in economic activities. 2. End of Cold War facilitated globalization. 3. Flow of money in transnational corporations is discouraged. Select the correct answer using the code given below.,1 and 2,Only 1,2 and 3,All of these,A,"Solution: Globalization has resulted in the change of scale in economic activities. After the end of coldwar, globalization showed a rapid growth © examsnet.com"
CAPF-2013-GAI-116,2013,GAI,Geography,Physical and Indian Geography,Geography | Physical Geography | Indian Geography | Geomorphology,easy,The continent having the largest area in the equatorial belt is,Asia,South America,Africa,North America,C,"Solution: The continent having the largest area in the equatorial belt is Africa. It is the only continent, which is crossed by Tropic of Cancer, Equator and Tropic of Capricorn © examsnet.com"
CAPF-2013-GAI-117,2013,GAI,Science & Tech,General Science & Emerging Technologies,Science & Tech | General Science | Applied Science | Physics | Chemistry | Biology,hard,Which of the following statements are correct? 1. Sediments of Gondwana System were deposited under marine condition. 2. Rocks of Gondwana System are fossiliferous. 3. Rocks of Gondwana System -contain metallic mineral deposits. 4. Gondwana deposition took place in down faulted trough. Select the correct answer using the code given below.,"1,2 and 3","1,2 and 4",2 and 4,1 and 3,C,Solution: Gondwana depositions took place in downfaulted trough. Rocks of Gondwana system are fossiliferous. © examsnet.com
CAPF-2013-GAI-118,2013,GAI,General Studies & Mental Ability,General Studies & Mental Ability,General Ability | UPSC CAPF | Prelims,easy,Which one among the following statements is not correct?,Shillong Plateau is an outlier of Peninsular Plateau of India.,Aravalli Mountain is the oldest mountain chain of India.,Vindhyans are examples of fold mountain.,Rajmahal Highlands are composed of ^ lava deposits.,C,Solution: Vindhyan range is an example of relict mountain. This range acts as a water divide between Ganga system with the river system of South India © examsnet.com
CAPF-2013-GAI-119,2013,GAI,Defence & Security,"Defence, Military & Internal Security",Defence | Military Exercises | Armed Forces | Security Architecture,easy,Which one among the following systems ' contains the oldest rock formation of India?,Aravalli System,Archean System,Cuddapah System,Vindhyan System,B,"Solution: Archean System contains the oldest rock formation of India. In India these rocks spreaded in a Karnataka, Madhya Pardesh, Chhattisgarh, Andhra Pradesh,Tamil Nadu and Chhota Nagpur region. © examsnet.com"
CAPF-2013-GAI-120,2013,GAI,Geography,Physical and Indian Geography,Geography | Physical Geography | Indian Geography | Geomorphology,easy,Which one among the following is not correct regarding the black soils of Peninsular India?,"Rich in iron, lime and potash",Retentive in moisture,Fertile and well-suited for growing sugarcane,Rich in phosphorus and organic matter,D,"Solution: Black soils are rich in iron, lime, aluminium, magnesium, calcium, but lacks in nitrogen, phosphorus and humus. © examsnet.com"
CAPF-2013-GAI-121,2013,GAI,Geography,Physical and Indian Geography,Geography | Physical Geography | Indian Geography | Geomorphology,easy,Which one among the following places in India is nearest to the Tropic of Cancer?,.Aizawl,Rajkot,Kolkata,Imphal,A,"Solution: Aizawl, the capital of Mizoram state is nearest to the Tropic of Cancer © examsnet.com"
CAPF-2013-GAI-122,2013,GAI,Geography,Physical and Indian Geography,Geography | Physical Geography | Indian Geography | Geomorphology,medium,Match List I with List II and select the correct answer using the code given below the lists. List I (River) List II(City) A.Spree 1.Bonn B.Rhine 2.Hamburg C.Seine 3.Paris D.Elbe’ 4.Berlin Codes A B C D (a) 4 3 1 2 (b) 4 1 3 2 (c) 2 1 3 4 (d) 2 3 1 4,(a),(b),(c),(d),B,"**Correct Answer: Option (B) - (b)**

**Context & Concept (Geography - Physical and Indian Geography):**
Option (B) accurately represents the correct factual and conceptual solution for this question based on official UPSC answer keys and standard reference sources."
CAPF-2013-GAI-123,2013,GAI,Geography,Physical and Indian Geography,Geography | Physical Geography | Indian Geography | Geomorphology,hard,Which of the following pairs are correctly matched? 1. Idukki — Thermal Power Station 2. Sabarigiri — Hydroelectric Project 3. Ghatprabha — Irrigation Project 4. Ramganga — Multipurpose Project Select the correct answer using the code given below.,"2, 3 and 4","1, 2 and 4",3 and 4,2 and 3,A,Solution: Idukki is a Hydroelectric Project on Periyar river in Kerala © examsnet.com
CAPF-2013-GAI-124,2013,GAI,General Studies & Mental Ability,General Studies & Mental Ability,General Ability | UPSC CAPF | Prelims,easy,Which one among the following States shares common boundaries with maximum number of other States?,Madhya Pradesh,Paschim Banga,Chhattisgarh,Andhra Pradesh,C,"Solution: Chhattisgarh shares common boundaries with six other States, which are Uttar Pradesh, Madhya Pradesh, Maharastra, Andhra Pradesh, odisha and Jharkhand © examsnet.com"
CAPF-2013-GAI-125,2013,GAI,Modern History,Indian National Movement,Modern History | Freedom Struggle | British Colonial Rule,easy,The State of Sikkim is surrounded by,"China, Nepal, Bhutan and Paschim Banga","Bhutan, Nepal, Paschim Banga and Asom","China, Nepal, Paschim Banga and Asom","China, Bhutan, Paschim Banga and Asom",A,"Solution: The State of Sikkim is surrounded by China, Nepal, Bhutan and Paschim Banga © examsnet.com"
