ID,Year,Paper,Subject,Topics,Tags,Difficulty,Question,Option_A,Option_B,Option_C,Option_D,Correct_Answer,Explanation
"05379f88-825f-435a-ab2f-79ae1eee2a48","2017","CSAT","","","","easy","The main idea of the passage is that:","It is essential for human beings to work.","There should be a balance between work and leisure.","Working is a tyranny which we have to face.","Human’s understanding of the nature of work is essential.","A","Option A is correct. Nature ordains that the human race shall perish of famine if it stops working."" This directly implies that work is essential for human survival. The inability to work leads to the end of the human race, highlighting the necessity of work as a fundamental part of life. Therefore, the passage suggests that work is not optional but a natural requirement for survival. Option B is incorrect. While the passage mentions, ""The question we have to settle is how much leisure we can afford to allow ourselves,"" this idea is secondary to the main point of the necessity of work. The passage is primarily focused on the obligation to work, while the balance between work and leisure is presented as a secondary consideration. Option C is incorrect. The passage refers to work as a ""tyranny,"" but this term is used in the context of work being an unavoidable and necessary aspect of life. It is not portrayed as a negative force in itself, but rather as something that humans must accept for survival. Thus, while work is called a tyranny, it is not the central theme of the passage. Option D is incorrect. The passage does not focus on understanding the nature of work. It stresses the obligation to work for survival and mentions leisure in passing, but it does not emphasize the need for an intellectual or philosophical understanding of work. Therefore, this statement is not directly supported by the passage."
"084148bd-a8a1-432b-b824-ecf340d9c94b","2017","CSAT","","","","easy","With reference to the above passage, the following assumptions have been made: 1. People always see the leisure time as a gift and use it for acquiring more material possessions. 2. Use of leisure by some people to produce new and original things has been the chief source of human progress. Which of these assumptions is/are valid?","1 only","2 only","Both 1 and 2","Neither 1 nor 2","B","Assumption 1 is invalid. The passage does not suggest that people use leisure time to acquire material possessions. It highlights that leisure can be abused by those without experience, but does not equate it to acquiring material possessions. Assumption 2 is valid. The passage states that the ""creative use of leisure by a minority in societies has been the mainspring of all human progress beyond the primitive level,"" which supports this assumption."
"0904dc18-3672-42df-8970-f6ebc44d87b8","2017","CSAT","","","","easy","Which of the following is the most rational inference from the above passage?","The world will not be able to cope with large-scale migration of climate refugees.","We must find the ways and means to stop further climate change.","Climate change will be the most important reason for the migration of people in the future.","Relation between climate change and migration is not yet properly understood.","D","Option A is incorrect. The passage mentions challenges but does not suggest the world will definitely fail to cope. This is speculative, not the most rational inference. Option B is incorrect. While stopping climate change is important, the passage focuses on migration issues, not directly on stopping climate change. This is unrelated to the core argument. Option C is incorrect. The passage highlights climate change as a significant factor but does not claim it will be the most important reason for migration. Option D is correct. This directly aligns with the passage, which mentions gaps in understanding how climate change acts as a root cause of migration."
"0aabba96-211c-4ed0-bc79-81c4c6cd2379","2017","CSAT","","","","easy","Which among the following is the most crucial message conveyed by the above passage?","The ideas of purity and pollution are so deep-rooted that they cannot be removed from the minds of the people.","People have to perceive toilet use and pit-emptying as clean and not polluting.","People cannot change their old habits.","People have neither civic sense nor sense of privacy.","B","Option A is incorrect. The passage does mention that ideas of purity and pollution are significant factors in the reluctance to use toilets, but it doesn't claim that they cannot be changed. The key message is that these issues must be confronted and dealt with to eradicate open defecation, suggesting a possibility for change. Option B is correct. This indicates a fear or aversion to the process of emptying pits or septic tanks, which is linked to the notion of pollution. Option C is incorrect. The passage does not suggest that people cannot change their habits. It focuses on the need to address deep-rooted perceptions, implying that change is possible if these perceptions are tackled. Option D is incorrect. The passage does not suggest a lack of civic sense or privacy. It talks about issues of purity, pollution, and the practical concern of pit-emptying, not about the absence of privacy or civic sense."
"10073f87-ae66-44af-9cbd-875f0d832643","2017","CSAT","","","","easy","“Rights are certain advantageous conditions of social well-being indispensable to the true development of the citizen.” In the light of this statement, which one of the following is the correct understanding of rights?","Rights aim at individual good only.","Rights aim at social good only.","Rights aim at both individual and social good.","Rights aim at individual good devoid of social well-being.","C","Option A is incorrect. Because it suggests that rights are solely for the benefit of the individual, ignoring their role in promoting collective welfare. Option B is incorrect because restricts the purpose of rights to achieving social welfare, disregarding their role in the personal growth of individuals. Option C is correct. This option integrates both the individual and social dimensions of rights. Rights ensure the development of citizens while fostering conditions conducive to societal welfare. Option D is incorrect. This option implies that rights cater exclusively to individual benefit without regard for societal welfare."
"12e65aff-a281-43c1-a780-e151a6dccad0","2017","CSAT","","","","easy","Which one of the following views corroborates the above statement?","A strong Centre and strong States make the federation strong.","A strong Centre is a binding force for national integrity.","A strong Centre is a hindrance to State autonomy.","State autonomy is a prerequisite for a federation.","B","Option A is not correct. Because ""A strong Centre and strong States make the federation strong"" discusses the balance between central and state powers, but the original statement focuses more on individual consent to governance rather than federalism or state powers. Option B is correct. Because ""A strong Centre is a binding force for national integrity"" aligns with the idea that every man, regardless of wealth, should be governed by his own consent. It implies that a strong central government could unify diverse regions or groups, giving them a voice and a stake in the system, which is consistent with the original sentiment. Option C is not correct. Because ""A strong Centre is a hindrance to State autonomy"" contradicts the idea of a unifying or binding force implied in the original statement. The statement talks about governance under consent, not necessarily about restricting state autonomy. Option D is not correct. Because ""State autonomy is a prerequisite for a federation"" speaks to a decentralized form of governance, which doesn't directly correlate with the idea of individuals consenting to a government that binds them together as expressed in the original statement."
"23f5318a-7485-4d13-b87d-6d3281ad0ef4","2017","CSAT","","","","easy","Which among the following is the most logical and essential message conveyed by the above passage?","All problems of governance can be solved by using digital technologies.","Speaking of digital technologies is speaking of our life and living.","Our creativity and imagination cannot be expressed without digital media.","Use of digital systems is imperative for the existence of mankind in the future.","B","Option A is incorrect. The passage does not argue that all governance problems can be solved using digital technologies. It describes the digital as a pervasive condition, not a panacea for governance issues. Option B is correct. This aligns with the central theme of the passage. The digital is described as integral to our lives, influencing how we perceive ourselves, connect with others, and define our domains. It ties directly to the passage's argument. Option C is incorrect. The passage does not make this claim. While it emphasizes the restructuring of life due to digital technologies, it does not suggest that creativity and imagination depend solely on digital media. Option D is incorrect. This is an exaggerated interpretation. The passage highlights the ubiquity and influence of digital systems but does not claim they are imperative for human survival."
"24602101-53d5-408b-9273-875883d69998","2017","CSAT","","","","easy","This passage relates to","duty to vote.","right to vote.","freedom to vote.","right to participate in politics.","A","Option A is correct. This highlights the duty to participate in politics and the importance of voting as a democratic responsibility. Option B is incorrect. This implies that refraining from voting is seen as shirking responsibility, not merely a right or freedom. Option C is incorrect. The focus is on political responsibility, suggesting that voting is a duty in a democratic society. Option D is incorrect. The passage does not directly mention a right to participate in politics, but rather focuses on the duty to actively engage through voting and interest in politics."
"39c32b75-dcff-4cf7-8066-835145e5bfe5","2017","CSAT","","","","easy","Which among the following is the most crucial message conveyed by the above passage?","Climate change has caused Arctic summer to be short but temperature to be high.","Polar bears can be shifted to South Pole to ensure their survival.","Without the presence of polar bears, the food chains in the Arctic region will disappear.","Climate change poses a threat to the survival of polar bears.","D","Option A is incorrect. This indicates changes in the climate and how they are affecting the environment, but it does not directly relate to the survival of polar bears or food chains. Option B is incorrect. This highlights the ongoing climate change in the Arctic, which is directly linked to changes in the environment where polar bears live. However, it doesn't provide a direct statement about polar bear survival but suggests a potential threat to their habitat. Option C is incorrect. This directly ties the decline in ice to a threat to the Arctic food web, and polar bears are mentioned at the top of this food chain, indicating their potential endangerment due to climate change. Option D is correct. It directly addresses the potential threat to polar bears' survival due to changes in their environment caused by climate change."
"3d4ae0bb-039b-4e65-91d9-447c707ca0a5","2017","CSAT","","","","easy","Which among the following is the most logical and rational assumption that can be made from the above passage?","Innovation and R&D is the only way to reduce rural to urban migration.","Every rapidly growing country needs to minimize the divergence between productivity in agriculture and other sectors.","Inclusive innovation and R&D can help create an egalitarian society.","Rapid urbanization takes place only when a country’s economic growth is rapid.","C","Option A is incorrect. The passage does not mention rural-to-urban migration directly or claim that innovation and R&D are the only solutions for it. Option B is incorrect. While the passage highlights the divergence in productivity between agriculture and knowledge-intensive sectors, it doesn’t state that every country must minimize this. Option C is correct. The passage argues that inclusive innovation can lower costs, create income opportunities for the poor, and reduce inequality. Option D is incorrect. The passage mentions rapid urbanization but does not claim it is tied solely to rapid economic growth."
"40215868-55ed-426c-8dcf-240743345a5e","2017","CSAT","","","","easy","Which of the following is the most rational inference from the above passage?","India must control its population growth so as to reduce its unemployment rate.","Labour reforms are required in India to make optimum use of its vast labour force productively.","India is poised to achieve the double-digit growth very soon.","India is capable of supplying the skilled young people to other countries.","B","Option A is incorrect. The passage does not discuss population control as a measure to reduce unemployment. It focuses on India's youth surplus and the need for labour reforms, not directly on controlling population growth. Option B is correct. The passage mentions that labor reforms are often cited as the way to unlock double-digit growth in India. This indicates the importance of labor reforms for enhancing productivity and utilizing the labor force effectively. Option C is incorrect. The passage does not claim that India will soon achieve double-digit growth. It only discusses labor reforms as a potential way to unlock such growth, not guaranteeing its immediate achievement. Option D is incorrect. The passage states that India has a youth surplus of 47 million, which could fill the global gap of 56 million young people. However, it does not mention the capability to supply ""skilled"" young people specifically or any reference to the export of labor."
"406013db-a781-4a36-ae04-81155211b75e","2017","CSAT","","","","easy","What does the above passage imply?","Resource-based conflicts are always politically motivated.","There are no political solutions to resolve environmental and resource-based conflicts.","Environmental issues contribute to resource stresses and political conflict.","Political conflict based on identity or ideology cannot be resolved.","C","Option A is incorrect. This is not directly inferred from the passage. The passage suggests that resource-based conflicts are difficult to isolate and often appear under political veneers, but it does not say they are always politically motivated. Option B is incorrect. The passage does not state that there are no political solutions. It talks about how resource-based conflicts are often disguised under political issues, but it does not negate the possibility of political solutions. Option C is correct. This is directly supported by the passage. The passage mentions how climate change causes or amplifies events that reduce resources, leading to competition and potentially violent conflict, implying environmental issues are a contributing factor to resource stresses and political conflict. Option D is incorrect. The passage does not say that such conflicts cannot be resolved. It only explains that conflicts over resources often disguise themselves as identity or ideology conflicts, but it does not make any definitive claim about their resolution."
"432f8b25-7948-46ac-90f6-190a24bf5ee2","2017","CSAT","","","","easy","Which among the following is the most logical corollary to the above passage?","Increasing the efficiency of the farm-to-fork value chain is necessary to reduce poverty and malnutrition.","Increasing the agricultural productivity will automatically eliminate poverty and malnutrition in India.","India’s agricultural productivity is already great, and it is not necessary to increase it further.","Allocation of more funds for social welfare and poverty alleviation programs will ultimately eliminate poverty and malnutrition in India.","A","Option A is correct. Because the passage mentions India's significant agricultural production and procurement but also highlights the issue of undernourishment, suggesting that improving the efficiency of the farm-to-fork value chain (which can help in better distribution of food and reduce food wastage) could address poverty and malnutrition. Option B is not correct. Because while increased agricultural productivity is important, the passage implies that the issue of undernourishment persists despite India's high production levels, meaning that just improving productivity is not sufficient to eliminate poverty and malnutrition. Option C is not correct. Because although India is a major producer of food, the passage highlights that undernourishment remains a serious issue, indicating that agricultural productivity may still need to be improved to address this problem. Option D is not correct. Because the passage does not suggest that simply allocating more funds for welfare programs will solve the issue, given that the problem of undernourishment is linked to inefficiencies in food distribution rather than solely a lack of resources."
"49f7727b-c600-4a0b-9b64-f7a483c97b60","2017","CSAT","","","","easy","Which one of the following is the best explanation of the above passage?","Political development is not a unilinear process for it involves both growth and decay.","Traditional societies succeed in resisting positive aspects of political development.","It is impossible for traditional societies to break away from lingering loyalties.","Sustenance of traditional loyalties is conducive to political development.","A","Option A is correct. This aligns with the idea of disruption (decay) and new alignments (growth) mentioned in the passage. Option B is incorrect. The passage doesn’t suggest that traditional societies resist political development entirely; it mentions some people renewing traditional ties, not resistance. Option C is incorrect. The passage states that some people move away from traditional loyalties and align with new groups, so this isn’t accurate. Option D is incorrect. The passage doesn’t suggest that maintaining traditional loyalties directly supports political development."
"4e4ca33e-a7bf-406e-9de3-ecd0a52994ee","2017","CSAT","","","","easy","On the basis of the above passage, the following assumptions have been made: 1. Synthetic pesticides should never be used in modern agriculture. 2. One of the aims of sustainable agriculture is to ensure minimal ecological imbalance. 3. Botanical pesticides are more effective as compared to synthetic pesticides. Which of the assumptions given above is/are correct?","1 and 2 only","2 only","1 and 3 only","1, 2 and 3","B","Statement 1 is incorrect. The passage criticizes synthetic pesticides for their toxicity, persistence, and ecological harm but does not explicitly state that they should ""never"" be used. It highlights risks but doesn't entirely rule out their use. Statement 2 is correct. The passage emphasizes that botanical pesticides reduce environmental contamination and maintain ecological balance. This supports the idea that sustainable agriculture aims to minimize ecological imbalance. Statement 3 is incorrect. The passage mentions that botanical pesticides are safer, biodegradable, and better for the environment but does not explicitly claim they are ""more effective"" than synthetic pesticides in terms of pest control."
"4ef34a20-fe07-47f8-9fbc-ea8a88f1bf0e","2017","CSAT","","","","easy","What does the above passage imply?","In a democracy, force is the main phenomenon in the actual exercise of sovereignty.","In a mature democracy, force to a great extent is the main phenomenon in the actual exercise of sovereignty.","In a mature democracy, use of force is irrelevant in the actual exercise of sovereignty.","In a mature democracy, force is narrowed down to a marginal phenomenon in the actual exercise of sovereignty.","D","Option A is Incorrect. The passage emphasizes political maturity and harmony, not force as the main phenomenon. Option B is Incorrect. The passage describes a scenario where conflicts are rare, suggesting a reduced reliance on force, not its significant use. Option C is Incorrect. While force is not emphasized, the passage does not state it is entirely irrelevant. Option D is correct. The passage implies that high political maturity minimizes the role of force in resolving conflicts, making it a marginal phenomenon."
"507e191a-2928-4724-b1b6-d7826115269e","2017","CSAT","","","","easy","Which of the following is the most crucial inference from the above passage?","More emphasis should be laid on the development of natural capital.","The growth driven by GDP only is neither desirable nor sustainable.","The economic performance of the countries of the world is not satisfactory.","The world needs more human capital under the present circumstances.","B","Option A is incorrect. While the passage mentions the decline of natural capital (like forests, land, and water), it does not specifically argue that more emphasis should be laid on developing it. The focus is more on the negative impact of GDP-driven growth on both human and natural capital. Option B is correct. The passage highlights how GDP growth has led to the harm of inclusive wealth (human capital and natural capital). This suggests that GDP-driven growth is unsustainable and has negative consequences, making this the most crucial inference. Option C is incorrect. While the passage mentions a gap between GDP growth and inclusive wealth, it does not claim that the overall economic performance of the world is unsatisfactory. It focuses more on the unsustainability of growth that is purely GDP-driven. Option D is incorrect. While human capital grew by 8%, the passage does not explicitly argue that more human capital is needed. The emphasis is more on the decline in natural capital and the harmful effects of GDP-driven growth on inclusive wealth."
"53ed9807-2268-4f8e-99ad-cff8511ef07a","2017","CSAT","","","","easy","In the light of the above passage, the nature of General Will is best described as","the sum total of the private wills of the individuals.","what is articulated by the elected representatives of the individuals.","the collective good as distinct from private wills of the individuals.","the material interests of the community.","C","Option A is incorrect. Because Rousseau's General Will is not the aggregation or summation of private wills; it transcends individual desires and reflects the collective good. Option B is incorrect. As Rousseau's General Will is not something articulated by representatives; it emerges from the collective decision-making of the community as a whole. Option C is correct. Rousseau's concept of the General Will focuses on the common good that transcends individual or private interests. Option D is incorrect. Because Rousseau's General Will is not limited to material interests but encompasses the moral and collective well-being of the community."
"631402cb-2f3e-4124-be64-482ae765c3e0","2017","CSAT","","","","easy","The above statement argues for","distribution of wealth equally to all.","rule according to the consent of the governed.","rule of the poor.","expropriation of the rich.","B","Option B is correct. Because - ""The statement argues that every man, including the poorest in England, should have a voice in choosing the government under which he lives, emphasizing the consent of the governed."""
"633c92f6-e6a5-4e9a-aa17-3f1064789036","2017","CSAT","","","","easy","Which among the following is the most logical and rational inference that can be made from the above passage?","We must create conditions for the faster growth of highly productive service jobs to ensure employment growth and inclusion.","We must shift the farm workers to the highly productive manufacturing and service sectors to ensure the economic growth and inclusion.","We must create conditions for the faster growth of productive jobs outside of agriculture even while improving the productivity of agriculture.","We must emphasize the cultivation of high-yielding hybrid varieties and genetically modified crops to increase the per capita income in agriculture.","C","Option A is not correct. The passage emphasizes the importance of productive jobs for growth and inclusion, but it does not directly suggest that service jobs should be prioritized alone. Although service jobs are described as relatively high in productivity, the passage also addresses the need for broader improvements across sectors. Therefore, the focus should not solely be on service jobs, but on creating productive jobs across various sectors. Option B is not correct. While the passage acknowledges that more than half the population depends on agriculture, it also points out that the number of people dependent on agriculture will need to shrink for per capita incomes in agriculture to rise significantly. However, it does not directly state that farm workers must be shifted to manufacturing or service sectors. The focus is on creating productive jobs in various sectors, not solely on transferring labor from agriculture. Option C is correct. The passage suggests the need for a dual approach: improving the productivity of agriculture (which would reduce the dependency on it) and creating more productive jobs outside of agriculture (e.g., in industry and services). It points out that while industry is creating jobs, many of them are low-productivity and in the unorganized sector. Therefore, Option C logically reflects the message of the passage: improving agricultural productivity while simultaneously creating productive jobs in other sectors to ensure growth and inclusion. Option D is not correct. The passage does not focus on specific agricultural methods such as high-yielding hybrid varieties or genetically modified crops to increase income. While the passage addresses agricultural productivity, it suggests a more general need to reduce agricultural dependency and increase the number of productive jobs in other sectors, rather than focusing on specific agricultural techniques. Therefore, this option does not align with the core argument of the passage."
"640c67d6-5e88-4c57-ac76-2fac628cc1c3","2017","CSAT","","","","easy","With reference to the above passage, the following assumptions have been made: 1. A study of the famous battles of history would help us understand modern warfare. 2. Studying history is essential for anyone who aspires to be a leader. Which of these assumptions is/are valid?","1 only","2 only","Both 1 and 2","Neither 1 nor 2","D","Assumption 1 is not valid. Because the passage does not explicitly mention modern warfare or its connection to historical battles. The focus is on leadership lessons from historical battles, not directly on modern warfare. Assumption 2 is also not valid. Because the passage talks about the value of studying history, specifically famous battles, to understand leadership qualities. It does not claim that studying history is essential for anyone aspiring to be a leader, only that it can help those who aspire to leadership by providing lessons from history."
"701c9ebc-d359-4448-ab9f-7b246c9a4d89","2017","CSAT","","","","easy","Which among the following is the most logical and rational inference that can be made from the above passage?","Our governments are not responsible enough to keep our cities pollution free.","There is absolutely no need for air quality indices in our country.","Air quality index is not helpful to the residents of many of our large cities.","In every city, public awareness about pollution problems should increase.","C","Option A is incorrect. This statement is an opinion about government responsibility, which the passage does not directly address. The passage discusses the limitations of AQI in cities with persistently high pollution, not government accountability. Option B is not correct. This is an extreme claim. The passage acknowledges that AQI is useful in certain contexts (e.g., when pollution levels spike), so it does not suggest that AQIs are completely unnecessary. Option C is correct. Because ""Pollution levels in many large Indian cities are so high that they remain well above any health or regulatory standard for a large part of the year."" The passage discusses how high and persistent pollution in large Indian cities makes the AQI less effective in prompting action. Option D is incorrect. While public awareness is generally a good idea, the passage does not focus on the need for public awareness campaigns. It discusses the limitations of AQI in high-pollution cities."
"863ea44c-2fdb-4dae-bed2-b8f8b3d9ccb8","2017","CSAT","","","","easy","The author suggests that habits:","Tend to make our lives difficult.","Add precision to our lives.","Make it easier for us to live.","Tend to mechanize our lives.","C","Option A is incorrect. The passage suggests that habits simplify life by allowing us to perform tasks automatically, without requiring fresh thought. The author emphasizes that without habits, life would be an ""impossible confusion,"" which indicates that habits make life easier, not more difficult. Option B is incorrect. The passage does not mention precision as a direct benefit of habits. It focuses on how habits simplify life and make it easier by automating actions. There’s no reference to precision, so this statement doesn't align with the passage. Option C is correct. The passage clearly states that habits ""simplify the mechanism of life"" and make it easier to perform multiple tasks automatically, suggesting that they indeed make life easier. Option D is incorrect. While the passage mentions that habits allow us to perform tasks automatically, it does not suggest that they ""mechanize"" our lives in a negative or robotic sense. The tone of the passage is positive, emphasizing that habits help avoid confusion, not reduce life to mechanical routine."
"8933c68b-87f0-4075-adc0-04a93e8635b6","2017","CSAT","","","","easy","Which of the following statements is/are correct regarding biopesticides? 1. They are not hazardous to human health. 2. They are persistent in the environment. 3. They are essential to maintain the biodiversity of any ecosystem. Select the correct answer using the code given below:","1 only","1 and 2 only","1 and 3 only","1, 2 and 3","A","Statement 1 is correct. The passage states: ""Natural pest control using botanical pesticides is safer to the user and the environment"" and ""They help in the reduction of environmental contamination and human health hazards."" This implies biopesticides are not hazardous to human health. Statement 2 is incorrect. The passage states: ""Natural pest control using botanical pesticides... break down into harmless compounds within hours or days in the presence of sunlight."" This implies biopesticides are not persistent in the environment. Statement 3 is incorrect. The passage states: ""They help in the maintenance of biological diversity of predators"" and ""They are easily decomposed by many microbes common in most soils."" This indicates biopesticides contribute to maintaining biodiversity."
"a575b777-6e95-47e6-a946-787e35b0f04e","2017","CSAT","","","","medium","The keynote that seems to be emerging from the passage is that:","We should first consult wisely and then resolve firmly.","We should reject suggestions of friends and remain unchanged.","We should always remain broad-minded.","We should be resolute and achievement-oriented.","A","Option A is correct. The passage explicitly mentions that ""the man who first consults wisely, then resolves firmly"" is the one who can accomplish things. This clearly supports the idea that consulting wisely and resolving firmly are key steps in achieving success. Option B is incorrect. The passage criticizes those who change their resolutions based on the first counter-suggestion from a friend. However, it does not advocate for completely rejecting all suggestions. Instead, it emphasizes maintaining firm resolutions despite external influences, which is different from rejecting all advice. Option C is incorrect. The passage does not directly discuss the importance of being broad-minded. It focuses on resolving firmly and executing plans with perseverance, implying that being open-minded to suggestions is less important than being resolute. Option D is incorrect. The passage focuses on consulting wisely, resolving firmly, and executing with perseverance. The emphasis is on the process—the order of steps for success—rather than being simply ""achievement-oriented. Being resolute (firm in resolution) is crucial, but the passage also emphasizes the importance of wise consultation before making decisions. The phrase ""achievement-oriented"" in option D is a bit too broad and not as specific as the passage's core message."
"a94fa305-7a1b-4632-8698-d5c181aa2af5","2017","CSAT","","","","easy","The passage seems to suggest that","a leader foresees his future position.","a leader is chosen only by a free country.","a leader must see that his country is free from despair.","despair in a country sometimes leads to dictatorship.","D","Option A is incorrect. The passage states that it is possible for others to foresee the rise of a leader early in life due to his qualities, but it does not suggest that the leader himself foresees his future position. Option B is incorrect. The passage implies that in a free country, leaders are chosen based on character and ability, but it does not claim that leaders are only chosen by free countries. Dictators can also emerge in other circumstances. Option C is incorrect. The passage does not discuss the responsibilities of a leader or their role in addressing despair. It focuses on how leaders and dictators emerge. Option D is correct. The passage mentions that a dictator often comes to power due to the ""unhappy state of his country,"" which aligns with the idea that despair can sometimes lead to dictatorship."
"bf036e59-21f8-4030-bd66-9e8c6958d23c","2017","CSAT","","","","easy","Consider the given statement and the two conclusions that follow: Statement: Morning walk is good for health. Conclusions: 1. All healthy people go for morning walk. 2. Morning walk is essential for maintaining good health. What is/are the valid conclusion/conclusions?","1 only","2 only","Both 1 and 2","Neither 1 nor 2","D","Conclusion 1 is incorrect. The statement only says that a morning walk is good for health, but it does not imply that all healthy people go for morning walks. There can be healthy individuals who don't go for morning walks, so this conclusion is not valid. Conclusion 2 is also incorrect. The statement says morning walk is good for health but does not imply that it is essential. A person can maintain good health in other ways too, so this conclusion is not valid."
"c3312c29-11f7-463b-a969-ace61c833083","2017","CSAT","","","","easy","The challenge the author of the above passage throws to the public is to achieve","a high standard of living, progress, and privileges.","equal privileges, fulfilment of destiny, and political tolerance.","spirit of adventure and economic parity.","hard work, brotherhood, and national unity.","D","Option A is Incorrect. The passage emphasizes hard work and living up to a high standard, but it does not directly mention a ""high standard of living"" or focus on material progress and privileges. Option B is Incorrect. While the passage mentions equal rights and obligations, the focus is more on national unity and brotherhood, not specifically on political tolerance or the fulfilment of destiny as standalone goals. Option C is Incorrect. The passage does not refer to a ""spirit of adventure"" or ""economic parity."" The themes are centred on unity and overcoming narrow-mindedness, not economic equality. Option D is correct. The passage explicitly mentions ""hard work,"" rejects communalism and narrow-mindedness (promoting brotherhood), and emphasizes national unity. This aligns directly with the challenge posed by the author."
"c644e487-1584-4a2f-a127-11ccfada53b0","2017","CSAT","","","","easy","Which among the following is the most logical, rational and critical inference that can be made from the above passage?","Once a country reaches the middle-income stage, it runs the risk of falling productivity, which leads to stagnant incomes.","Falling into the middle-income trap is a general characteristic of fast-growing economies.","There is no hope at all for emerging Asian economies to sustain the growth momentum.","As regards growth of productivity, the performance of Asian economies is not satisfactory.","A","Option A is correct. This aligns with the passage, as stagnant incomes are a risk if productivity does not improve. Option B is incorrect. This is too broad and not supported. The passage does not say all such economies fall into the trap. Option C is incorrect. This is overly pessimistic and contradicts the passage, which implies that addressing productivity can help. Option D is incorrect. This is partially relevant but not strongly supported. The passage highlights risks, not necessarily unsatisfactory performance so far."
"d424a9c7-4ee3-40c1-be97-64267fc9b876","2017","CSAT","","","","easy","Which among the following is the most logical and rational inference that can be made from the above passage?","India’s GDP displays high value-added and high productivity levels in medium tech and resource processing industries.","Promotion of capital and technology-intensive manufacturing is not possible in India.","India should push up the public investments and encourage the private investments in research and development, technology upgradation, and skill development.","India has already gained a great share in global markets in sectors showing a rising trend in demand.","C","Option A is not correct. Because the passage specifically highlights that Indian manufacturing needs to move from lower to higher-tech, higher-value-added, and higher-productivity sectors. It does not claim that India’s GDP already displays high value-added and high productivity in medium-tech and resource-processing industries. Option B is not correct. Because the passage suggests that India needs to capture global markets in high-tech and capital-intensive sectors, indicating that promoting such industries is part of the strategy to boost manufacturing and GDP. It does not claim that such promotion is impossible. Option C is correct.Because the passage implies that in order to achieve the desired shift to higher-tech, higher-value-added, and higher-productivity sectors, India should focus on increasing investments in R&D, technology upgradation, and skill development. Option D is not correct. Because the passage suggests that in order to increase the share of manufacturing in GDP, India needs to capture global markets in sectors with rising demand, implying that India has not yet achieved this goal."
"d70f58ac-3440-4dcb-94c5-533baa378a78","2017","CSAT","","","","easy","Which among the following is the most logical and rational inference that can be made from the above passage?","Agricultural practices that enhance biodiversity can often increase farm output and reduce the vulnerability to disasters.","All the countries of the world should be encouraged to replace ecoagriculture with conventional agriculture.","Ecoagriculture should be permitted in protected areas without destroying the biodiversity there.","The yield of food crops will be very high if ecoagricultural practices are adopted to cultivate them.","A","Option A is correct. Because the passage highlights that ecoagricultural practices have helped reduce disaster damage (e.g., during Hurricane Mitch) and enhanced income while supporting biodiversity. This implies that practices that support biodiversity can indeed reduce vulnerability to disasters and increase farm productivity, confirming Option A. Option B is not correct. Because the passage does not suggest replacing ecoagriculture with conventional agriculture. In fact, ecoagriculture is presented as beneficial, with specific examples where it outperformed conventional methods in terms of damage reduction and income improvement. Hence, this statement is unsupported. Option C is not correct. Because the passage does not make the claim that ecoagriculture should be implemented in protected areas at the expense of biodiversity. The focus is on promoting biodiversity through agricultural practices outside of protected areas, not within them. Option D is not correct. Because the passage does not claim that the yield of food crops will always be very high if ecoagriculture is adopted. It emphasizes other benefits such as reduced disaster vulnerability, increased income, and biodiversity, but not necessarily higher food crop yields."
"fd6e5005-9474-4158-954e-099d88e7b64d","2017","CSAT","","","","easy","Which among the following is the most logical, rational, and critical inference that can be made from the above passage?","Emergence of powerful mass leaders is essential to create sub-national political entities and thus successful devolution decentralization.","The upper tier of government should impose devolution and decentralization on the regional communities by law or otherwise.","Devolution, to be successful, requires a democracy in which there is free expression of the will of the people at the lower level and their active participation at the grassroots level.","For devolution to take place, a strong feeling of regionalism in the masses is essential.","C","Option A is incorrect. The passage does not mention the role of ""powerful mass leaders. It emphasizes grassroots mobilization, not individual leaders. Option B is incorrect. The passage notes that decentralization initiated from above, without grassroots mobilization, often fails to meet its objectives. Option C is correct. This aligns with the idea of ""political legitimacy"" (mass demand) and the importance of grassroots mobilization. Option D is incorrect. The passage highlights political legitimacy and grassroots mobilization but does not specifically require ""regionalism."""
"1ee84ced-cd58-4221-9179-586ae6f1c438","2017","CSAT","","","","easy","Consider the following: 1. A + B means A is the son of B. 2. A – B means A is the wife of B. What does the expression $P + R – Q$ mean?","Q is the son of P.","Q is the wife of P.","Q is the father of P.","None of the above","C","P + R: This means ""P is the son of R."" P + R – Q: This indicates that ""P is the son of R, and R is the wife of Q."" Therefore, ""P"" is the son of ""R,"" and ""R"" is the wife of ""Q."" This implies that ""Q"" is the father of ""P."" Thus, the correct answer is: C. Q is the father of P."
"24834e11-a065-4146-a2ec-e8efed3a49a1","2017","CSAT","","","","easy","A, B, C, D, E, F, G, and H are standing in a row facing North. 1. B is not the neighbor of G. 2. F is to the immediate right of G and the neighbor of E. 3. G is not at the extreme end. 4. A is sixth to the left of E. 5. H is sixth to the right of C. Which one of the following is correct in respect of the above?","C is to the immediate left of A.","D is the immediate neighbor of B and F.","G is to the immediate right of D.","A and E are at the extreme ends.","C","Okay, I understand. I will normalize the math expressions in your text according to the rules you've provided, ensuring that the original text remains unchanged and all math is converted to inline KaTeX-compatible LaTeX."
"264959c3-ecc7-41ca-aede-546599764af9","2017","CSAT","","","","easy","A bag contains 20 balls: 8 balls are green, 7 are white, and 5 are red. What is the minimum number of balls that must be picked up from the bag blindfolded (without replacing any of them) to be assured of picking at least one ball of each color?","$17$","$16$","$3$","$11$","B","We want to ensure that we pick at least one ball of each color. In the worst-case scenario, we could pick all the balls of two colors and still not have a ball of the third color. So, let's assume we pick all the green and white balls first, and we are left with the red balls. Total number of green and white balls = $8$ (green) + $7$ (white) = $15$ balls. After picking all $15$ balls, we will be left with only red balls. Next pick: The very next ball we pick (the $16$th ball) must be red, as only red balls remain. Thus, to be assured of having at least one ball of each color, we must pick $16$ balls in total. Conclusion: The minimum number of balls that must be picked to ensure at least one ball of each color is $16$."
"2b9bb75c-9309-4047-8c59-424ea79be353","2017","CSAT","","","","easy","Mean $ < $ Median $ < $ Mode, then the distribution is","symmetric","skewed to the right","neither symmetric nor skewed","skewed to the left","D","For a sample where: Mean $ < $ Median $ < $ Mode, the distribution is skewed to the left. This is because, in left-skewed distributions, the mean is less than the median, and the median is less than the mode. Thus, the correct answer is: D. skewed to the left"
"39f17e7b-58f0-4d88-870c-f552f8d9abf1","2017","CSAT","","","","easy","Who is specialized in Geography?","B","D","E","Cannot be determined as data are inadequate","A","Based on the provided information, we can determine the following: The lecturer from Kanpur specializes in Geography. Lecturer D is from Shillong. Lecturer C, from Delhi, specializes in Sociology. Lecturer B specializes in neither History nor Mathematics. Lecturer A, who specializes in Economics, does not belong to Hyderabad. Lecturer F, who specializes in Commerce, belongs to Srinagar. Lecturer G, who specializes in Statistics, belongs to Chennai. Since Lecturer B does not specialize in History or Mathematics, and the lecturer from Kanpur specializes in Geography, it follows that Lecturer B is from Kanpur and specializes in Geography. Therefore, the lecturer who specializes in Geography is Lecturer B. ![69](https://d39jluplm5thpx.cloudfront.net//CSAT_2017_Q69_9fa2ef78fc.png)"
"3fe2472b-9156-4bc7-ac5d-fd315140eb3a","2017","CSAT","","","","easy","Who of the following belongs to Hyderabad?","B","E","Neither B nor E","Cannot be determined as data are inadequate","B","Assigning Cities and Subjects: Kanpur → Geography Shillong → D Delhi → C, Sociology Srinagar → F, Commerce Chennai → G, Statistics Hyderabad → ? Mumbai → ? Process of Elimination: A: Economics, not from Hyderabad (as per point 5). F: Commerce, from Srinagar. G: Statistics, from Chennai. C: Sociology, from Delhi. D: From Shillong, but the subject is not yet known. Determining B’s Subject and City: B is not specialized in History or Mathematics (point 4). The remaining possible subject for B is Geography. Hence, B must be the lecturer from Kanpur. Identifying E’s City and Subject: The remaining lecturer is E, who must be from Hyderabad. The only unassigned subject left is History. Therefore, E specializes in History. Final Assignment: A: Economics, Mumbai B: Geography, Kanpur C: Sociology, Delhi D: Mathematics, Shillong E: History, Hyderabad F: Commerce, Srinagar G: Statistics, Chennai"
"48057135-568a-4241-a9ee-07bf817c7f73","2017","CSAT","","","","medium","The sum of income of A and B is more than that of C and D taken together. The sum of income of A and C is the same as that of B and D taken together. Moreover, A earns half as much as the sum of the income of B and D. Whose income is the highest?","A","B","C","D","B","Statement 1: The sum of income of A and B is more than that of C and D taken together. Correct: This statement indicates that $A + B > C + D$, but it doesn't give direct information about individual incomes. Statement 2: The sum of income of A and C is the same as that of B and D taken together. Correct: This means $A + C = B + D$, but again, it does not provide a direct comparison between the incomes of A, B, C, and D individually. Statement 3: A earns half as much as the sum of the income of B and D. Correct: This can be written as $A = \frac{1}{2}(B + D)$, implying that A’s income is less than the combined income of B and D. Conclusion on Highest Income: From Statement 3, we know A's income is relatively smaller compared to B and D combined. The inequality in Statement 1 suggests that A and B together earn more than C and D, which could imply B's income is higher than others when combined with A’s income. By inference, B has the highest income as it is not restricted by the other conditions provided in the statements. Therefore, the answer is B. B."
"50d40380-7e73-4737-b636-494473ef3219","2017","CSAT","","","","easy","If second and fourth Saturdays and all the Sundays are taken as only holidays for an office, what would be the minimum number of possible working days of any month of any year?","$23$","$22$","$21$","$20$","B","Given: The second and fourth Saturdays are holidays. All Sundays are holidays. Steps to solve: Number of days in a month: A month can have 28, 29, 30, or 31 days. For the minimum working days, we need to consider a month with 31 days, as this will give us the maximum number of days to account for. Sundays: Every Sunday is a holiday. A month with 31 days will have 4 Sundays in most cases (except when the month starts on a Sunday, in which case there would be 5 Sundays). So, there are 4 or 5 Sundays, and each is a holiday. Second and fourth Saturdays: The second and fourth Saturdays are also holidays, which means two Saturdays are off every month. Working days: In a month with 31 days, there are 4 or 5 Sundays and 2 Saturdays off. Hence, at least 6 days will be holidays (4 Sundays + 2 Saturdays). The remaining days ($31 - 6 = 25$) could be working days, but they may include additional holidays if a public holiday occurs on a weekday. Minimum Working Days: To minimize working days, we consider the scenario where there are no additional public holidays. Thus, after accounting for the second and fourth Saturdays and all Sundays, the minimum working days would be 22."
"564a5cdf-239f-4b75-ac4d-652ba83af571","2017","CSAT","","","","easy","In a group of six women, there are four tennis players, four postgraduates in Sociology, one postgraduate in Commerce, and three bank employees. Vimala and Kamla are the bank employees while Amala and Komala are unemployed. Komala and Nirmala are among the tennis players. Amala, Kamla, Komala, and Nirmala are postgraduates in Sociology, of whom two are bank employees. If Shyamala is a postgraduate in Commerce, who among the following is both a tennis player and a bank employee?","Amala","Komala","Nirmala","Shyamala","C","Step 1: Analyzing the Women in the Group There are 6 women in total: Vimala, Kamla, Amala, Komala, Nirmala, and Shyamala. Bank Employees: Kamla and Vimala (given in the question). Postgraduates in Sociology: Amala, Kamla, Komala, Nirmala (given). Tennis Players: Komala, Nirmala, and 2 others (given). Postgraduate in Commerce: Shyamala (given). Step 2: Identifying Tennis Players and Bank Employees Tennis Players: Komala and Nirmala are already tennis players. There are 2 other tennis players in the group, so we need to find out who they are. Bank Employees: Kamla and Vimala are bank employees. We know that two bank employees are postgraduates in Sociology. Kamla is one of them. This means Vimala must also be a postgraduate in Sociology, since she is the other bank employee. Step 3: Who is Both a Tennis Player and a Bank Employee? Vimala is a bank employee and a postgraduate in Sociology, but she is not listed as a tennis player. Kamla is a bank employee and a postgraduate in Sociology. The question asks who is both a tennis player and a bank employee. Since Nirmala is a tennis player, and we know that Kamla and Vimala are the bank employees, Kamla is the only one who could possibly be both a tennis player and a bank employee. ![29](https://d39jluplm5thpx.cloudfront.net//CSAT_2017_Q29_36473187b8.png) Final Answer: Kamla is the one who is both a tennis player and a bank employee."
"5bbe01f3-b164-4d75-930d-f5d975384a97","2017","CSAT","","","","easy","In a school, there are five teachers A, B, C, D and E, A and B teach Hindi and English. C and B teach English and Geography. D and A teach Mathematics and Hindi. E and B teach History and French. Who teaches the maximum number of subjects?","A","B","D","E","B","With the given information, we draw the following table: ![72](https://d39jluplm5thpx.cloudfront.net//CSAT_2017_Q72_dc05bb64d6.png) Clearly, the correct answer is B."
"5e256910-8757-4312-905f-3bd327834e95","2017","CSAT","","","","easy","In how many different ways can a train travel from F to A without passing through any station more than once?","$1$","$2$","$3$","$4$","D","There are four distinct routes from station F to station A without revisiting any station: F ↔ D ↔ E ↔ A F → D → E → C → A F ↔ D → E → G → C → A F ↔ D → H → G → C → A Therefore, the correct answer is D. 4."
"607a2b46-7fa8-486d-aed2-71f646de6500","2017","CSAT","","","","easy","With reference to the above information, consider the following statements: 1. Some supporters of ‘party X’ knew Z. 2. Some supporters of ‘party X’, who opposed Z’s campaign strategy, knew Z. 3. No supporters of ‘party X’ supported Z’s campaign strategy. Which of the statements given above is/are **not** correct?","1 only","2 and 3 only","3 only","1, 2 and 3","C","Statement 1 is correct. If the passage suggests that there were supporters of party X who knew Z, then this statement is accurate. The passage must provide some indication that a subset of party X's supporters had knowledge of Z. Statement 2 is correct. If the passage clearly states that some supporters of party X, who opposed Z’s campaign strategy, also knew Z, then this statement is accurate. The passage should provide details linking the opposition to the campaign strategy and their knowledge of Z. Statement 3 is incorrect. If there were, in fact, any supporters of party X who did support Z's campaign strategy. If the passage states that at least some supporters of party X were in favor of Z's strategy, then this statement is false."
"70d1f9e2-b32a-4e47-911b-baf785d7f546","2017","CSAT","","","","easy","There are thirteen 2-digit consecutive odd numbers. If 39 is the mean of the first five such numbers, then what is the mean of all the thirteen numbers?","$47$","$49$","$51$","$45$","A","To solve this problem, let the first odd number be $x$. Therefore, the consecutive odd numbers are $x$, $x+2$, $x+4$, ... Step 1: Find the value of $x$ We are given that the mean of the first five numbers is 39. The first five numbers are: $x$, $x+2$, $x+4$, $x+6$, $x+8$ The mean of these five numbers is given by: $(x + (x+2) + (x+4) + (x+6) + (x+8)) / 5 = 39$ Simplify the sum in the numerator: $(5x + 20) / 5 = 39$ Solve for $x$: $5x + 20 = 195$ $5x = 175$ $x = 35$ Step 2: Find the mean of all thirteen numbers Now that we know the first number is $x = 35$, the thirteen consecutive odd numbers are: 35, 37, 39, 41, 43, 45, 47, 49, 51, 53, 55, 57, 59 The mean of these thirteen numbers is given by: $(35 + 37 + 39 + ... + 59) / 13$ Since these numbers form an arithmetic sequence with the first term 35 and the last term 59, the mean of an arithmetic sequence is the average of the first and last terms: Mean = $(35 + 59) / 2 = 94 / 2 = 47$ Final Answer: 47"
"70e682be-15cf-4b86-a806-5b0f6100c68d","2017","CSAT","","","","medium","If the route between G and C is closed, which one of the following stations need not be passed through while travelling from H to C?","E","D","A","B","C","The route from H to C involves the following steps: H to G: Travel via the one-way passage H → G. G to B: From G, use the two-way passage G ↔ B to reach B. B to F: From B, use the one-way passage B → F. F to D: From F, use the two-way passage F ↔ D to reach D. D to E: From D, use the two-way passage E ↔ D to reach E. E to C: From E, use the one-way passage E → C. Therefore, the stations passed through are: H → G → B → F → D → E → C. Conclusion: Among the options provided, station A is not part of the route from H to C. Therefore, the correct answer is C. A."
"76dcc8ef-545a-4465-8a39-6a87c4ec114a","2017","CSAT","","","","easy","Four tests — Physics, Chemistry, Mathematics and Biology are to be conducted on four consecutive days, not necessarily in the same order. The Physics test is held before the test which is conducted after Biology. Chemistry is conducted exactly after two tests are held. Which is the last test held?","Physics","Biology","Mathematics","Chemistry","C","1. ""Physics test is held before the test which is conducted after Biology."" - This implies that Physics must be conducted before the test that comes after Biology. Conclusion: Physics cannot be the last test because Biology must occur after it. 2. ""Chemistry is conducted exactly after two tests are held."" - This means Chemistry is the third test in the sequence (after two tests have already been conducted). Conclusion: Chemistry cannot be the first, second, or last test. It must be the third. 3. ""Which is the last test held?"" - Given that Chemistry is the third test, and Physics and Biology must be placed in the first and second slots based on the first statement, the only remaining test for the fourth (last) position is Mathematics."
"7d4373d2-5b64-4d26-990c-c59c60ffba9d","2017","CSAT","","","","easy","In a certain code, ‘256’ means ‘red colour chalk’, ‘589’ means ‘green colour flower’ and ‘254’ means ‘white colour chalk’. The digit in the code that indicates ‘white’ is:","$2$","$4$","$5$","$8$","B","To determine which digit represents ""white"" in the given code, we can analyze the provided information: '256' means 'red colour chalk' '589' means 'green colour flower' '254' means 'white colour chalk' By comparing the codes, we observe: The common digit between '256' and '254' is '2', and the common word is 'chalk'. Therefore, '2' corresponds to 'chalk'. The common digit between '256' and '589' is '5', and the common word is 'colour'. Therefore, '5' corresponds to 'colour'. In the code '254' ('white colour chalk'), we have: '2' corresponds to 'chalk' '5' corresponds to 'colour' Therefore, '4' must correspond to 'white' Thus, the digit that indicates 'white' is 4."
"7dc867c4-d288-432d-80f6-16fb437fb5f9","2017","CSAT","","","","easy","To which city does the Lecturer specialized in Economics belong?","Hyderabad","Mumbai","Neither Hyderabad nor Mumbai","Cannot be determined as data are inadequate","B","Lecturer from Kanpur is specialized in Geography. Lecturer D is from Shillong. Lecturer C from Delhi is specialized in Sociology. Lecturer B is specialized in neither History nor Mathematics. Lecturer A, who is specialized in Economics, does not belong to Hyderabad. Lecturer F, who is specialized in Commerce, belongs to Srinagar. Lecturer G, who is specialized in Statistics, belongs to Chennai. From this information, we can summarize: A: Economics, not from Hyderabad B: Not History or Mathematics C: Sociology, Delhi D: Shillong E: (Information not directly provided) F: Commerce, Srinagar G: Statistics, Chennai Cities remaining: Hyderabad, Mumbai Subjects remaining: History, Mathematics Since Lecturer A is not from Hyderabad, the only remaining city for A is Mumbai. Therefore, the lecturer specialized in Economics belongs to Mumbai. Answer: B. Mumbai"
"88362cc4-4a86-4a37-8cb1-fc40416bd146","2017","CSAT","","","","easy","Six boys A, B, C, D, E and F play a game of cards. Each has a pack of 10 cards. F borrows 2 cards from A and gives away 5 to C, who in turn gives 3 to B while B gives 6 to D who passes on 1 to E. Then the number of cards possessed by D and E is equal to the number of cards possessed by:","A, B and C","B, C and F","A, B and F","A, C and F","B","Initially, each boy has 10 cards: A: 10 cards B: 10 cards C: 10 cards D: 10 cards E: 10 cards F: 10 cards Now, let's follow the exchanges: F borrows 2 cards from A: A: $10 - 2 = 8$ cards F: $10 + 2 = 12$ cards F gives 5 cards to C: F: $12 - 5 = 7$ cards C: $10 + 5 = 15$ cards C gives 3 cards to B: C: $15 - 3 = 12$ cards B: $10 + 3 = 13$ cards B gives 6 cards to D: B: $13 - 6 = 7$ cards D: $10 + 6 = 16$ cards D gives 1 card to E: D: $16 - 1 = 15$ cards E: $10 + 1 = 11$ cards Now let's check the number of cards possessed by D and E: D: 15 cards E: 11 cards Total = $15 + 11 = 26$ cards Now, let's check the total number of cards for different groups: A, B, and C: A: 8 cards B: 7 cards C: 12 cards Total = $8 + 7 + 12 = 27$ cards B, C, and F: B: 7 cards C: 12 cards F: 7 cards Total = $7 + 12 + 7 = 26$ cards A, B, and F: A: 8 cards B: 7 cards F: 7 cards Total = $8 + 7 + 7 = 22$ cards A, C, and F: A: 8 cards C: 12 cards F: 7 cards Total = $8 + 12 + 7 = 27$ cards The correct answer is: B. B, C and F"
"98aa8ad6-9be9-48c2-bff4-f696f104d17d","2017","CSAT","","","","easy","Consider the following relationships among members of a family of six persons A, B, C, D, E, and F: 1. The number of males equals that of females. 2. A and E are sons of F. 3. D is the mother of two, one boy and one girl. 4. B is the son of A. 5. There is only one married couple in the family at present. Which one of the following inferences can be drawn from the above?","A, B, and C are all females.","A is the husband of D.","E and F are children of D.","$ $ is the daughter of F.","B","As per statement 1: The number of males equals that of females, i.e. there must be 3 males and 3 females in the family. Now, as per statements 2 and 4: A and E are sons of F and B is the son of A. We can denote it as the following family tree (wherein + denotes male and - female): As, we can see A, B and E are males. Hence, C, D and F must be females. As per statement 3: D is the mother of two, one boy and one girl. Now, F cannot be the daughter of D, as otherwise, C must be her son. But we already know that C is a female. Hence, C must be the daughter of D. As per statement 5, there’s only one married couple in the family at present. The only possibility is that A is married to D. It has been denoted below using a family tree: We can only infer that A is the husband of D. ![55](https://d39jluplm5thpx.cloudfront.net//CSAT_2017_Q55_fa62f0188f.png)"
"a11a9030-80e5-45cc-8c27-2851ba08dfa1","2017","CSAT","","","","easy","If 2 boys and 2 girls are to be arranged in a row so that the girls are not next to each other, how many possible arrangements are there?","$3$","$6$","$12$","$24$","C","Step 1: Arrange the boys The number of ways to arrange 2 boys = $2! = 2$ Step 2: Position the girls Available positions for the girls = 3 (before the first boy, between the boys, after the second boy) Choose 2 positions from 3 = $C(3, 2) = 3$ Step 3: Arrange the girls The number of ways to arrange 2 girls in the chosen positions = $2! = 2$ Step 4: Total number of arrangements Total arrangements = $2! \times C(3, 2) \times 2! = 2 \times 3 \times 2 = 12$ Final Answer: 12"
"b103fd97-f4a9-45dd-87ec-bfe031608ed9","2017","CSAT","","","","hard","The age of Mr. X last year was the square of a number and it would be the cube of a number next year. What is the least number of years he must wait for his age to become the cube of a number again?","$42$","$38$","$25$","$16$","B","Let Mr. X's age last year be the square of a number, say $n^2$. Then his age next year will be the cube of a number, say $m^3$. Let Mr. X's current age be $x$. So, from the information: - Last year, $x - 1 = n^2$ - Next year, $x + 1 = m^3$ Thus, we have the equation: $x - 1 = n^2$ and $x + 1 = m^3$ By subtracting the first equation from the second: $(x + 1) - (x - 1) = m^3 - n^2$ $2 = m^3 - n^2$ Now, we need to find integer values of $m$ and $n$ such that $m^3 - n^2 = 2$. Step 1: Try different values of $n$ and $m$ - For $n = 1$: $n^2 = 1$ $m^3 = 3$ (no integer cube of 3) - For $n = 2$: $n^2 = 4$ $m^3 = 6$ (no integer cube of 6) - For $n = 3$: $n^2 = 9$ $m^3 = 11$ (no integer cube of 11) - For $n = 4$: $n^2 = 16$ $m^3 = 18$ (no integer cube of 18) - For $n = 5$: $n^2 = 25$ $m^3 = 27$ (integer cube of 27, i.e., $m = 3$) Thus, for $n = 5$, we have $n^2 = 25$ and $m^3 = 27$. Therefore, Mr. X's age last year was 25, and his current age is: $x = 25 + 1 = 26$ Step 2: Find when his age becomes the cube of a number again We need to find when his age becomes the cube of a number again. That is, when $x + t = k^3$ for some integer $k$, where $t$ is the number of years Mr. X has to wait. Since his current age is 26, we need to find the smallest $t$ such that: $26 + t = k^3$ Let's try different values of $k$: - For $k = 3$: $k^3 = 27$ $t = 27 - 26 = 1$ (but 27 is next year, not again in future) - For $k = 4$: $k^3 = 64$ $t = 64 - 26 = 38$ Thus, the least number of years Mr. X must wait for his age to become the cube of a number again is 38. Answer: B. 38"
"b22a69ce-9642-4fe6-ac1d-de2b7ee9e626","2017","CSAT","","","","easy","With reference to the above information, which one among the following statements must be true?","Some supporters of ‘party Y’ did not agree for the alliance with ‘party X’.","There is at least one supporter of ‘party Y’ who knew some supporters of ‘party X’ as a friend.","No supporters of ‘party X’ supported Z’s campaign strategy.","No supporters of ‘party X’ knew Z.","B","The passage explicitly mentions that ""some of the supporters of ‘party X’ had friends in ‘party Y’."" This implies that there is a relationship of friendship between supporters of ‘party X’ and supporters of ‘party Y.’ Since the relationship is mutual, we can infer that there is at least one supporter of ‘party Y’ who knew some supporters of ‘party X’ as friends."
"b7fe4c3c-6ee6-4d8d-8560-b3a7616596a2","2017","CSAT","","","","easy","15 students failed in a class of 52. After removing the names of failed students, a merit order list has been prepared in which the position of Ramesh is 22nd from the top. What is his position from the bottom?","18th","17th","16th","15th","C","Total number of students = 52 Number of failed students = 15 Number of students who passed = $52 - 15 = 37$ Ramesh's position on the merit list is 22nd from the top among the 37 passed students. Position from the bottom = Total students who passed - Ramesh's position from the top + 1 Position from the bottom = $37 - 22 + 1 = 16$th Thus, Ramesh's position from the bottom is 16th."
"baf7ea59-9f2b-47e1-ac2b-4d5bbbf78c01","2017","CSAT","","","","easy","A 2-digit number is reversed. The larger of the two numbers is divided by the smaller one. What is the largest possible remainder?","$9$","$27$","$36$","$45$","D","Let the original number be $10a + b$, where $a$ is the tens digit and $b$ is the ones digit. Reversed number = $10b + a$. Assume $10a + b > 10b + a$, so the larger number is $10a + b$. The remainder when dividing the larger number by the smaller one is: $(10a + b) \div (10b + a)$ To maximize the remainder, set $a = 9$ (largest possible tens digit). Original number = $90 + b$ Reversed number = $10b + 9$ Now, test different values of $b$: 1. If $b = 4$: - Original number = $94$ - Reversed number = $49$ - Division: $94 \div 49$ → Quotient = $1$, Remainder = $94 - 49 = 45$ 2. If $b = 5$: - Original number = $95$ - Reversed number = $59$ - Division: $95 \div 59$ → Quotient = $1$, Remainder = $95 - 59 = 36$ 3. If $b = 6$: - Original number = $96$ - Reversed number = $69$ - Division: $96 \div 69$ → Quotient = $1$, Remainder = $96 - 69 = 27$ 4. If $b = 7$: - Original number = $97$ - Reversed number = $79$ - Division: $97 \div 79$ → Quotient = $1$, Remainder = $97 - 79 = 18$ 5. If $b = 8$: - Original number = $98$ - Reversed number = $89$ - Division: $98 \div 89$ → Quotient = $1$, Remainder = $98 - 89 = 9$ The largest remainder is $45$, which occurs when the original number is $94$ and the reversed number is $49$. Thus, the largest possible remainder is $45$."
"c7124f39-6bb9-4e52-8da9-4e5a57af570a","2017","CSAT","","","","medium","P = $(40\%$ of A) + (65\%$ of B)$ and Q = $(50\%$ of A) + (50\%$ of B)$, where A is greater than B. In this context, which of the following statements is correct?","P is greater than Q.","Q is greater than P.","P is equal to Q.","None of the above can be concluded with certainty.","D","According to the question, $P = (40\% \text{ of } A) + (65\% \text{ of } B)$ and $Q = (50\% \text{ of } A) + (50\% \text{ of } B)$, where $A > B$ Now, $P - Q = (40\% \text{ of } A) + (65\% \text{ of } B) - (50\% \text{ of } A) - (50\% \text{ of } B) = (15\% \text{ of } B) - (10\% \text{ of } A)$ We know that $A > B$, but not by how much. Hence, all three cases are possible, as illustrated below: 1. If $B = 100$ and $A = 110$, then $P - Q = (15\% \text{ of } B) - (10\% \text{ of } A) = 15 - 11 = 4$. So, $P > Q$ 2. If $B = 100$ and $A = 150$, then $P - Q = (15\% \text{ of } B) - (10\% \text{ of } A) = 15 - 15 = 0$. So, $P = Q$ 3. If $B = 100$ and $A = 200$, then $P - Q = (15\% \text{ of } B) - (10\% \text{ of } A) = 15 - 20 = -5$. So, $P < Q$ Hence, nothing can be said about the relation between $P$ and $Q$."
"d8dbe7c6-a9a0-461a-8c1e-5eb41d3dde6f","2017","CSAT","","","","easy","Statement: Good voice is a natural gift but one has to keep practising to improve and excel well in the field of music. Conclusions: I. Natural gifts need nurturing and care. II. Even though one’s voice is not good, one can keep practising. Which one of the following is correct in respect of the above statement and conclusions?","Only conclusion I follows from the statement.","Only conclusion II follows from the statement.","Either conclusion I or conclusion II follows from the statement.","Neither conclusion I nor conclusion II follows from the statement.","A","Conclusion I: Natural gifts need nurturing and care. This conclusion is correct because the statement suggests that while a good voice is a natural gift, one still has to practice to improve. This implies that even natural gifts need nurturing and care to excel in a field, like music. Conclusion II: Even though one’s voice is not good, one can keep practising. This conclusion is incorrect because the statement does not mention that a bad voice can be improved through practice. It only emphasizes that even with a natural gift (good voice), practice is needed to excel. It does not imply that practice alone can overcome a bad voice. Therefore, only conclusion I follows from the given statement."
"fcd81d22-ac7c-46b6-b0ad-bb1e125fae82","2017","CSAT","","","","easy","P works thrice as fast as Q, whereas P and Q together can work four times as fast as R. If P, Q, and R together work on a job, in what ratio should they share the earnings?","$3 : 1 : 1$","$3 : 2 : 4$","$4 : 3 : 4$","$3 : 1 : 4$","A","Let's break down the problem step by step. Given: 1. P works thrice as fast as Q. - Therefore, if Q's work rate is $x$, then P's work rate is $3x$. 2. P and Q together can work four times as fast as R. - The combined work rate of P and Q is $3x + x = 4x$. - This is given to be 4 times R's work rate, so $4x = 4r$, where $r$ is R's work rate. - Therefore, $x = r$. Work Rates: - P's work rate = $3x$ - Q's work rate = $x$ - R's work rate = $r$ Since $x = r$, we can substitute: - P's work rate = $3r$ - Q's work rate = $r$ - R's work rate = $r$ Total work rate of P, Q, and R together: - Total work rate = $3r + r + r = 5r$ Earnings Ratio: The earnings should be distributed in the same ratio as their work rates. Thus, the ratio of P's, Q's, and R's work rates is: - P : Q : R = $3r : r : r$ This simplifies to: - P : Q : R = $3 : 1 : 1$ Answer: The ratio of earnings should be 3 : 1 : 1. Thus, the"
"ff188540-3466-4628-8290-2622c43658d1","2017","CSAT","","","","easy","While travelling from C to H, which one of the following stations must be passed through?","G","E","B","F","B","One-way passages: $C \rightarrow A$ $E \rightarrow G$ $B \rightarrow F$ $D \rightarrow H$ $G \rightarrow C$ $E \rightarrow C$ $H \rightarrow G$ Two-way passages: $A \leftrightarrow E$ $G \leftrightarrow B$ $F \leftrightarrow D$ $E \leftrightarrow D$ Starting at station C, the only direct one-way passage is $C \rightarrow A$. From A, you can travel to E via the two-way passage $A \leftrightarrow E$. From E, you have two options: $E \rightarrow G$ (one-way) $E \leftrightarrow D$ (two-way) If you choose $E \rightarrow G$, you can then travel to C via the one-way passage $G \leftrightarrow B \rightarrow F \leftrightarrow D \rightarrow H$. Further, another viable option is to take the two-way passage $E \leftrightarrow D$, leading you to station D. From D, you can proceed to H via the one-way passage $D \rightarrow H$. Thus, the mandatory station to pass through when traveling from C to H is E. Therefore, the correct answer is E. ![76](https://d39jluplm5thpx.cloudfront.net//CSAT_2017_Q76_3fab6afcb0.png)"
"0810d615-71c7-4a23-9f02-2934a1220a56","2017","CSAT","","","","easy","What is the total number of digits printed, if a book containing 150 pages is to be numbered from 1 to 150?","$262$","$342$","$360$","$450$","B","1. One-digit page numbers (1 to 9): - Number of pages: 9 - Digits per page: 1 - Total digits: $9 \times 1 = 9$ 2. Two-digit page numbers (10 to 99): - Number of pages: 90 (99 - 10 + 1) - Digits per page: 2 - Total digits: $90 \times 2 = 180$ 3. Three-digit page numbers (100 to 150): - Number of pages: 51 (150 - 100 + 1) - Digits per page: 3 - Total digits: $51 \times 3 = 153$ Total digits used: - 9 (one-digit) + 180 (two-digit) + 153 (three-digit) = 342 Therefore, the total number of digits printed is 342."
"09a0b0a6-5e26-4d83-aa71-de9f323ef33b","2017","CSAT","","","","easy","How many numbers are there between 99 and 1000 such that the digit 8 occupies the unit's place?","$64$","$80$","$90$","$104$","C","Step 1: Determine the Range of Numbers We are looking for numbers between 99 and 1000, which are all 3-digit numbers. So, the numbers must be between 100 and 999. Step 2: Identify Numbers with 8 in the Unit's Place For a number to have the digit 8 in the unit's place, the number must be of the form: $X8$, where $X$ can be any digit from 1 to 9 for the hundreds place (since the number is between 100 and 999), and from 0 to 9 for the tens place. Step 3: Count the Possible Numbers The hundreds place ($X$) can have any value from 1 to 9, giving us 9 choices. The tens place can have any value from 0 to 9, giving us 10 choices. The unit's place is fixed as 8. Thus, the total number of such numbers is: $9 \times 10 = 90$ Final Answer: The number of numbers between 99 and 1000 such that the digit 8 occupies the unit's place is 90. Correct Answer: C. 90"
"13287ffd-12c5-47e1-b237-ed0e0cf7ae2d","2017","CSAT","","","","medium","In a city, 12% of households earn less than Rs. 30,000 per year, 6% households earn more than Rs. 2,00,000 per year, 22% households earn more than Rs. 1,00,000 per year, and 990 households earn between Rs. 30,000 and Rs. 1,00,000 per year. How many households earn between Rs. 1,00,000 and Rs. 2,00,000 per year?","$250$","$240$","$230$","$225$","B","Given Data: - 12% of households earn less than Rs. 30,000. - 6% of households earn more than Rs. 2,00,000. - 22% of households earn more than Rs. 1,00,000. - 990 households earn between Rs. 30,000 and Rs. 1,00,000. Let the total number of households be X. Step 1: Use the total percentage of households - 12% of X = $0.12X$ (households earning less than Rs. 30,000) - 990 households (households earning between Rs. 30,000 and Rs. 1,00,000) - Let y be the number of households earning between Rs. 1,00,000 and Rs. 2,00,000 - 6% of X = $0.06X$ (households earning more than Rs. 2,00,000) Step 2: Use the 22% of households earning more than Rs. 1,00,000 - 22% of X = $0.22X$ (households earning more than Rs. 1,00,000) - $y + 0.06X = 0.22X$ - $y = 0.22X - 0.06X = 0.16X$ Step 3: Use the total number of households - $0.12X + 990 + 0.16X + 0.06X = X$ - $0.34X + 990 = X$ - $990 = X - 0.34X$ - $990 = 0.66X$ - $X = 990 / 0.66 = 1500$ Step 4: Calculate the number of households earning between Rs. 1,00,000 and Rs. 2,00,000 - $y = 0.16 * 1500 = 240$ Final Answer: The number of households earning between Rs. 1,00,000 and Rs. 2,00,000 is 240. Answer: B. 240"
"249e6fa5-cbe0-4093-9c16-048dde9460d4","2017","CSAT","","","","easy","A freight train left Delhi for Mumbai at an average speed of $40$ km/hr. Two hours later, an express train left Delhi for Mumbai, following the freight train on a parallel track at an average speed of $60$ km/hr. How far from Delhi would the express train meet the freight train?","$480$ km","$260$ km","$240$ km","$120$ km","C","Let the time taken by the express train to meet the freight train be $t$ hours. The freight train travels for $(t + 2)$ hours, since it left 2 hours earlier than the express train. Distance covered by the freight train = Speed × Time = $40 \times (t + 2) = 40(t + 2)$ Distance covered by the express train = Speed × Time = $60 \times t = 60t$ Since both trains meet at the same point, their distances are equal: $40(t + 2) = 60t$ Expand the equation: $40t + 80 = 60t$ Solve for $t$: $80 = 60t - 40t$ $80 = 20t$ $t = 4$ Distance from Delhi to the meeting point (distance covered by the express train): Distance = $60 \times 4 = 240$ km Answer: C. 240 km"
"3786d502-746a-4b16-85b0-1c2a7bddeb04","2017","CSAT","","","","easy","Gopal bought a cell phone and sold it to Ram at $10\%$ profit. Then Ram wanted to sell it back to Gopal at $10\%$ loss. What will be Gopal’s position if he agreed?","Neither loss nor gain","Loss $1\%$","Gain $1\%$","Gain $0.5\%$","C","Let cost price for Gopal = Rs. $100$ He sold it to Ram at $10$% profit. So, his selling price = $100 + 10$% of $100 = 100 + 10 =$ Rs. $110$ Now, if Ram resales it to Gopal at $10$% loss, his selling price = $110 - 10$% of $110 = 110 - 11 =$ Rs. $99$ As far as Gopal is concerned, in this second transaction, by buying a Rs. $100$ cell at Rs $99$, he registers a gain of $1$%."
"67fa10dd-1755-49c8-9654-c4f80015f576","2017","CSAT","","","","easy","If there is a policy that $1/3$rd of a population of a community has migrated every year from one place to some other place, what is the leftover population of that community after the sixth year, if there is no further growth in the population during this period?","$\frac{16}{243}$rd part of the population.","$\frac{32}{243}$rd part of the population.","$\frac{32}{729}$th part of the population.","$\frac{64}{729}$th part of the population.","D","Initially, assume the population is 1. Each year, 1/3rd of the population migrates, leaving 2/3rd of the population. After the 1st year, the remaining population = $ \frac{2}{3} $. After the 2nd year, the remaining population = $ \frac{4}{9} $. After the 3rd year, the remaining population = $ \frac{8}{27} $. After the 4th year, the remaining population = $ \frac{16}{81} $. After the 5th year, the remaining population = $ \frac{32}{243} $. After the 6th year, the remaining population = $ \frac{64}{729} $. Therefore, the remaining population after the sixth year is $ \frac{64}{729} $, which corresponds to option D."
"76e61528-31c5-4f7b-b624-660d30acf98c","2017","CSAT","","","","easy","Examine the following statements: 1. All colors are pleasant. 2. Some colors are pleasant. 3. No color is pleasant. 4. Some colors are not pleasant. Given that statement 4 is true, what can be definitely concluded?","1 and 2 are true","3 is true","2 is false","1 is false","D","Statement 1 is false. If this were true, it would contradict statement 4, because if all colors were pleasant, there would be no colors that are not pleasant. Statement 2 cannot be concluded. Statement 4 (""Some colors are not pleasant"") does not directly negate this. It is possible for some colors to be pleasant while others are not. Statement 3 cannot be concluded. Statement 4 being true does not provide enough information to conclude anything about statement 3. It is possible for statement 3 to be either true or false while keeping statement 4 true."
"7b0cb951-f4db-43af-8c65-3f4026f0460d","2017","CSAT","","","","easy","There are certain 2-digit numbers. The difference between the number and the one obtained on reversing it is always 27. How many such maximum 2-digit numbers are there?","$3$","$4$","$5$","None of the above","D","Step 1: Define the Number and Its Reverse: Let the number be $10x + y$, where: $x$ = tens digit $y$ = ones digit The reverse is $10y + x$. Step 2: Set Up the Equation: The difference between the number and its reverse is given by: $(10x + y) - (10y + x) = 27$ Simplifying the equation: $9x - 9y = 27$ $x - y = 3$ Step 3: Solve for Possible Values of x and y: The equation $x - y = 3$ implies: Possible pairs of $(x, y)$ are: $(4, 1)$ $(5, 2)$ $(6, 3)$ $(7, 4)$ $(8, 5)$ $(9, 6)$ Step 4: List the Corresponding Numbers: The corresponding two-digit numbers are: $(4, 1) \rightarrow 41$ $(5, 2) \rightarrow 52$ $(6, 3) \rightarrow 63$ $(7, 4) \rightarrow 74$ $(8, 5) \rightarrow 85$ $(9, 6) \rightarrow 96$ Step 5: Conclusion: There are 6 such numbers: 41, 52, 63, 74, 85, and 96. Therefore, the correct answer is D. None of the above."
"82d9b1d5-c80d-402d-935c-d6adecd8c0f6","2017","CSAT","","","","easy","There is a milk sample with 50% water in it. If $\frac{1}{3}$rd of this milk is added to an equal amount of pure milk, then water in the new mixture will fall down to:","$25\%$","$30\%$","$35\%$","$40\%$","A","Given: Total volume of milk sample = $x$ liters Water in the sample = $50$% of $x$ = $x/2$ liters Milk in the sample = $x/2$ liters Step 1: $1/3$rd of the sample is taken. Milk taken = $x/3$ liters Water in the taken portion = $50$% of $x/3$ = $x/6$ liters Milk in the taken portion = $x/6$ liters Step 2: Equal amount of pure milk ($x/3$ liters) is added. Water in pure milk = $0$ liters Milk in pure milk = $x/3$ liters Step 3: New mixture: Total volume = $(x/3) + (x/3) = 2x/3$ liters Total water = $(x/6) + 0 = x/6$ liters Total milk = $(x/6) + (x/3) = x/2$ liters Step 4: Percentage of water in the new mixture: Percentage of water = (Total water / Total volume) $ \times 100$ Percentage of water = $(x/6) / (2x/3) \times 100$ Percentage of water = $(x/6) \times (3/2x) \times 100 = 25$% Answer: A. $25$%"
"8fca625b-4d5a-4a2d-b9f5-9284e894b2aa","2017","CSAT","","","","medium","There are three pillars X, Y, and Z of different heights. Three spiders A, B, and C start to climb on these pillars simultaneously. In one chance, A climbs on X by $6$ cm but slips down $1$ cm. B climbs on Y by $7$ cm but slips down $3$ cm. C climbs on Z by $6.5$ cm but slips down $2$ cm. If each of them requires $40$ chances to reach the top of the pillars, what is the height of the shortest pillar?","161 cm","163 cm","182 cm","210 cm","B","Pillar X: In one chance, A climbs on X by 6 cm but slips down 1 cm. Hence, in one chance A climbs $6 - 1 = 5$ cm. Height attained after 39 chances = $39 \times 5 = 195$ cm. Thereafter in the 40th and last chance it will climb 6cm to reach the top. So, height of pillar X = $195 + 6 = 201$ cm. Pillar Y: In one chance, B climbs on Y by 7cm but slips down 3cm. Hence, in one chance B climbs $7 - 3 = 4$ cm. Height attained after 39 chances = $39 \times 4 = 156$ cm. Thereafter in the 40th and last chance it will climb 7 cm to reach the top. So, height of pillar Y = $156 + 7 = 163$ cm. Pillar Z: In one chance, C climbs on Z by 6.5 cm but slips down 2 cm. Hence, in one chance C climbs $6.5 - 2 = 4.5$ cm. Height attained after 39 chances = $39 \times 4.5 = 175.5$ cm. Thereafter in the 40th and last chance it will climb 6.5 cm to reach the top. So, height of pillar Z = $175.5 + 6.5 = 182$ cm. So, height of the shortest pillar (i.e. pillar Y) = 163 cm."
"94a24a19-21ce-482e-a9fa-d06120229fdc","2017","CSAT","","","","hard","There are 4 horizontal and 4 vertical lines, parallel and equidistant to one another on a board. What is the maximum number of rectangles and squares that can be formed?","$16$","$24$","$36$","$42$","C","The board will be a $3 \times 3$ one and will look as follows: We know that to form a square/rectangle we need 2 horizontal and 2 vertical lines. The number of ways in which 2 vertical lines may be chosen from 4 = $4C2 = \frac{(4 \times 3)}{2} = 6$ Similarly, number of ways in which 2 horizontal lines may be chosen from 4 = $4C2 = \frac{(4 \times 3)}{2} = 6$ Hence, the maximum number of squares and rectangles that can be formed = $6 \times 6 = 36$"
"b7b212fc-0143-4aa1-a42d-3e0a6e6089ac","2017","CSAT","","","","easy","Suppose the average weight of 9 persons is $50$ kg. The average weight of the first 5 persons is $45$ kg, whereas the average weight of the last 5 persons is $55$ kg. Then the weight of the 5th person will be","$45$ kg","$47.5$ kg","$50$ kg","$52.5$ kg","C","Given: - Average weight of 9 persons = $50$ kg - Average weight of first 5 persons = $45$ kg - Average weight of last 5 persons = $55$ kg Step 1: Total weight of 9 persons = $9 \times 50 = 450$ kg Step 2: Total weight of first 5 persons = $5 \times 45 = 225$ kg Step 3: Total weight of last 5 persons = $5 \times 55 = 275$ kg Let the weight of the 5th person be $x$. Step 4: Total weight of all 9 persons = $(225 + 275 - x) = 450$ Step 5: Simplifying: $500 - x = 450$ Step 6: $x = 50$ Conclusion: The weight of the 5th person is $50$ kg."
"b97604d7-d6fd-4e3b-9720-53d2b0e7c01f","2017","CSAT","","","","hard","Two walls and a ceiling of a room meet at right angles at a point P. A fly is in the air $1$ m from one wall, $8$ m from the other wall, and $9$ m from the point P. How many meters is the fly from the ceiling?","$4$","$6$","$12$","$15$","A","Given: - The fly is 1 meter from one wall (yz-plane), so its x-coordinate is 1. - The fly is 8 meters from the other wall (xz-plane), so its y-coordinate is 8. - The fly is 9 meters from point P (the origin). To find the fly's distance from the ceiling (xy-plane), we use the distance formula. Step 1: Apply the distance formula: Distance = $\sqrt{[(x - 0)^2 + (y - 0)^2 + (z - 0)^2]}$ $9 = \sqrt{[(1)^2 + (8)^2 + z^2]}$ $9 = \sqrt{[1 + 64 + z^2]}$ $9 = \sqrt{[65 + z^2]}$ Step 2: Solve for z: Square both sides to eliminate the square root: $81 = 65 + z^2$ $z^2 = 81 - 65$ $z^2 = 16$ $z = 4$ Conclusion: The fly is 4 meters away from the ceiling. Answer: A. 4 ![75](https://d39jluplm5thpx.cloudfront.net//CSAT_2017_Q75_e472e8c38f.png)"
"c1ac2e6e-94fc-4bda-a3a1-eb084a4452ca","2017","CSAT","","","","easy","The outer surface of a 4 cm × 4 cm × 4 cm cube is painted completely in red. It is sliced parallel to the faces to yield sixty-four 1 cm × 1 cm × 1 cm small cubes. How many small cubes do not have painted faces?","$8$","$16$","$24$","$36$","A","Given a cube with dimensions 4 cm × 4 cm × 4 cm, it is sliced into 64 smaller cubes, each of size 1 cm × 1 cm × 1 cm. We are asked to find how many of these smaller cubes do not have painted faces. 1. Total number of smaller cubes: The cube is divided into smaller cubes of size 1 cm × 1 cm × 1 cm. The total number of smaller cubes is given by: $4 \times 4 \times 4 = 64$ small cubes. 2. Cubes with painted faces: The painted cubes are those on the outer surface of the large cube. These are the cubes that lie on the faces of the large cube. 3. Unpainted cubes: The unpainted cubes are those that are entirely inside the large cube, away from the faces. These cubes form a smaller cube with side length 2 cm in the center of the original cube. The dimensions of this smaller cube are: $2 \times 2 \times 2 = 8$ unpainted cubes. Thus, the number of small cubes that do not have painted faces is 8. Answer: A. 8 ![58](https://d39jluplm5thpx.cloudfront.net//CSAT_2017_Q58_b8977b7ed8.png)"
"ca87c616-712f-4b0a-afc4-39730259aa80","2017","CSAT","","","","hard","A watch loses 2 minutes in every 24 hours while another watch gains 2 minutes in every 24 hours. At a particular instant, the two watches showed an identical time. Which of the following statements is correct if a 24-hour clock is followed?","The two watches show the identical time again on completion of $30$ days.","The two watches show the identical time again on completion of $90$ days.","The two watches show the identical time again on completion of $120$ days.","None of the above statements is correct.","D","Given: - Watch 1 loses 2 minutes every 24 hours. - Watch 2 gains 2 minutes every 24 hours. Step 1: Calculate the time difference between the two watches. Each day, the time difference increases by: - Watch 1 loses 2 minutes, - Watch 2 gains 2 minutes. Thus, the total time difference increases by 4 minutes every 24 hours. Step 2: Find when the time difference becomes a multiple of 1440 minutes (24 hours). We need to find the number of days after which the time difference will be 1440 minutes (one full cycle of a 24-hour clock). Let x be the number of days when the time difference will be 1440 minutes. The time difference increases by 4 minutes per day, so: $4x = 1440$ $x = \frac{1440}{4} = 360$ days Thus, the two watches will show the identical time after every 360 days. Step 3: Check the options: - Option A: 30 days → Incorrect. - Option B: 90 days → Incorrect. - Option C: 120 days → Incorrect. - Option D: None of the above → Correct. Conclusion: The correct answer is D. None of the above statements is correct."
"cc415b7b-8ecb-4402-aec4-7a0bae5e0c22","2017","CSAT","","","","medium","A clock strikes once at 1 o’clock, twice at 2 o’clock, and thrice at 3 o’clock, and so on. If it takes 12 seconds to strike at 5 o’clock, what is the time taken by it to strike at 10 o’clock?","$20$ seconds","$24$ seconds","$28$ seconds","$30$ seconds","B","The time taken by the clock to strike at each hour is directly proportional to the number of strikes. At 5 o'clock, the clock strikes 5 times, and it takes 12 seconds. To find the time for 10 o'clock, let's establish the time per strike: Time per strike = $12$ seconds $div$ $5$ strikes = $2.4$ seconds per strike Now, at 10 o'clock, the clock strikes 10 times: Time taken to strike at 10 o'clock = $10$ strikes $ imes$ $2.4$ seconds per strike = $24$ seconds Answer: B. 24 seconds"
"d13422fa-e840-46b8-8421-e2fede364a4b","2017","CSAT","","","","easy","In a test, Randhir obtained more marks than the total marks obtained by Kunal and Debu. The total marks obtained by Kunal and Shankar are more than those of Randhir. Sonal obtained more marks than Shankar. Neha obtained more marks than Randhir. Who amongst them obtained the highest marks?","Randhir","Neha","Sonal","Data are inadequate","D","Randhir has more marks than Kunal + Debu. This means Randhir scored significantly higher than these two combined, but it doesn't give us a clear comparison with Neha, Sonal, or Shankar. Kunal + Shankar have more marks than Randhir. Individually, Shankar might have more marks than Randhir, but this isn’t confirmed yet. However, this shows Shankar contributes significantly. Sonal has more marks than Shankar. This means Sonal is ahead of Shankar and likely ahead of Kunal, Debu, and possibly Randhir. Neha has more marks than Randhir. This means Neha is ahead of Randhir, who is already ahead of Kunal and Debu. Comparison of the top scorers: Neha > Randhir Sonal > Shankar (and possibly Randhir, depending on Shankar's position). Kunal and Debu are lower in rank. Thus, Neha or Sonal could have the highest marks. However, the data doesn’t compare Neha directly with Sonal. Answer: D. Data are inadequate"
"d2fdf7f0-3cb2-4ba5-81ae-2e53495caa55","2017","CSAT","","","","easy","The monthly incomes of X and Y are in the ratio of $4 : 3$, and their monthly expenses are in the ratio of $3 : 2$. However, each saves Rs. 6,000 per month. What is their total monthly income?","Rs. 28,000","Rs. 42,000","Rs. 56,000","Rs. 84,000","B","Step 1: Let the monthly incomes of X and Y be $4a$ and $3a$, respectively. Step 2: Let the monthly expenses of X and Y be $3b$ and $2b$, respectively. Step 3: Savings of X = Income of X - Expenses of X = $4a - 3b = 6,000$ Step 4: Savings of Y = Income of Y - Expenses of Y = $3a - 2b = 6,000$ Step 5: Solve the system of equations: - $4a - 3b = 6,000$ → Equation 1 - $3a - 2b = 6,000$ → Equation 2 Step 6: Multiply Equation 2 by 3: $9a - 6b = 18,000$ Step 7: Multiply Equation 1 by 2: $8a - 6b = 12,000$ Step 8: Subtract the second equation from the first: - $(9a - 6b) - (8a - 6b) = 18,000 - 12,000$ - $a = 6,000$ Step 9: Substitute $a = 6,000$ into Equation 1: - $4(6,000) - 3b = 6,000$ - $24,000 - 3b = 6,000$ - $3b = 18,000$ - $b = 6,000$ Step 10: Total income = $4a + 3a = 7a = 7 \times 6,000 = 42,000$ Final Answer: Total monthly income = Rs. 42,000"
"e34d1f2f-25c3-40c3-bd5e-f1d6ba407ccc","2017","CSAT","","","","medium","The average rainfall in a city for the first four days was recorded to be 0.40 inch. The rainfall on the last two days was in the ratio of $4 : 3$. The average of six days was 0.50 inch. What was the rainfall on the fifth day?","0.60 inch","0.70 inch","0.80 inch","0.90 inch","C","Average rainfall over the first four days: 0.40 inches Total rainfall over the first four days: $0.40$ inches/day $\times$ $4$ days = $1.60$ inches Average rainfall over six days: 0.50 inches Total rainfall over six days: $0.50$ inches/day $\times$ $6$ days = $3.00$ inches Total rainfall over the last two days: $3.00$ inches (total for six days) - $1.60$ inches (total for first four days) = $1.40$ inches Rainfall ratio on the fifth and sixth days: $4:3$ Let the rainfall on the fifth day be $4x$ and on the sixth day be $3x$. Therefore: Total rainfall over the last two days: $4x + 3x = 7x$ Since the total rainfall over the last two days is $1.40$ inches: $7x = 1.40$ inches Solving for $x$: $x = \frac{1.40 \text{ inches}}{7}$ $x = 0.20$ inches Thus, the rainfall on the fifth day is: $4x = 4 \times 0.20$ inches = $0.80$ inches Therefore, the rainfall on the fifth day was $0.80$ inches."
"fa34ca56-476a-46fd-95ef-ceb0febff267","2017","CSAT","","","","easy","Certain 3-digit numbers have the following characteristics: 1. All the three digits are different. 2. The number is divisible by 7. 3. The number on reversing the digits is also divisible by 7. How many such 3-digit numbers are there?","$2$","$4$","$6$","$8$","B","Step 1: General Form of the Number Let the three-digit number be represented as: $N = 100a + 10b + c$ where a, b, c are the digits, and $a \neq 0$ since it's a 3-digit number. Step 2: Divisibility by 7 The number $N = 100a + 10b + c$ must be divisible by 7. This gives the first condition. Step 3: Reversing the Digits The number formed by reversing the digits is: $N' = 100c + 10b + a$ This number must also be divisible by 7. Step 4: Possible Numbers To find such numbers, we need to check for numbers that satisfy both N and N' being divisible by 7. After checking possible numbers, we find that there are 4 such numbers. Answer: The number of such 3-digit numbers is 4. Correct answer: 4"